{"data":{"id":0,"uuid":"b142640e-4260-486a-a84f-92bdf4e56fa0","enabled":true,"debug":false,"icon":"image/","name":"Mona Lisa simple puzzle","subtitle":"Mona Lisa simple puzzle","description":"Complete The Mona Lisa puzzle.","duration":0,"place":"","geocoord":{"latitude":"0","longitude":"0","range":"0"},"visible":true,"private":false,"trials":[{"id":1,"type":"info","name":"Info","description":"The Mona Lisa is a half-length portrait painting by the Italian Renaissance artist Leonardo da Vinci that has been described as \"the best known, the most visited, the most written about, the most sung about, the most parodied work of art in the world.\" The Mona Lisa is also one of the most valuable paintings in the world. ","score":0,"options":{"url_photo":"image/1.jpg"},"activated":{"invisible":false,"onstart":true,"ontimer":0,"onscore":0,"onqrcode":""},"aftercomplete":{"moreinfo":"","eventcompleted":false,"activate":"","hidden":"","specialefx":"","execute":"2","qrcollectionclear":false}},{"id":2,"type":"slidingpuzzle","name":"SlidingPuzzle","description":"","score":100,"options":{"puzzle":{"photo":"image/2.jpg","pieces":9}},"aftercomplete":{"moreinfo":"","eventcompleted":true,"activate":"","hidden":"","specialefx":"","execute":"3","qrcollectionclear":false},"afterfailed":{"moreinfo":"","eventfailed":true,"activate":"","hidden":"","specialefx":"","execute":"3","score":0,"qrcollectionclear":false}}]}}