{"data":{"id":0,"uuid":"f42fb1e5-a841-4e82-9996-d19e9f7f191a","enabled":true,"debug":false,"icon":"https://www.xteamsoftware.com/pluggy/dimitsana/image/","name":"An apprentice in 19th century Dimitsana","subtitle":"An apprentice in 19th century Dimitsana","description":"Welcome to the Open-Air Water Power Museum of the Piraeus Bank Group’s Cultural Foundation, in Dimitsana. Discover the Museum through 11 questions that challenge your knowledge and keen eye. \n","duration":0,"place":"","geocoord":{"latitude":"0","longitude":"0","range":"0"},"visible":true,"private":false,"trials":[{"id":1,"type":"info","name":"Welcome to the Open-Air Water Power Museum","description":"Welcome to the Open-Air Water Power Museum of the Piraeus Bank Group’s Cultural Foundation, in Dimitsana. Discover the Museum through 11 questions that challenge your knowledge and keen eye. \n\nDuring the game, questions will appear. Each of them may be answered with the help of a text, an object or a space in the Museum. In order to answer, you will be asked to go through some tasks (e.g. scan a QR code, type a keyword or a number, take a photo). But do not be in a hurry, all in time ... here time is going slower, in contrast to the flowing waters.\n\nGood luck with your quest!","score":0,"options":{},"activated":{"invisible":false,"onstart":true,"ontimer":0,"onscore":0,"onqrcode":""},"aftercomplete":{"moreinfo":"","eventcompleted":false,"activate":"","hidden":"1","specialefx":"","execute":"2","qrcollectionclear":false}},{"id":2,"type":"info","name":"You are in Dimitsana","description":"You are in Dimitsana at the beginning of 1821. Your destiny and choices have led you to this mountainous village of Arcadia. Far from your beloved Mani. A misunderstanding during your engagement has forced you to leave your place hunted.\n\nSomewhere along the way, you heard that a great uprising is being prepared. Your father told you that in Dimitsana they are making the best gunpowder in all of Moria. Arriving at Dimitsana, the houses unfold on the rocks in front of your eyes at the side of the main road. You ask around and people tell you to head towards Kefalari of Ai Giannis just outside Dimitsana. There, in the powder mills they ask for labourers. \n","score":0,"options":{"url_sound":"https://www.xteamsoftware.com/pluggy/dimitsana/snd/2.mp3"},"aftercomplete":{"moreinfo":"","eventcompleted":false,"activate":"","hidden":"2","specialefx":"","execute":"3","qrcollectionclear":false}},{"id":41,"type":"info","name":"Area of Dimitsana","description":"In the greater area of Dimitsana there are more than 90 water-powered workshops, so there are many opportunities for you to find a job. Look for the area map, in order to navigate and find exactly where you are (scan the QR code next to the map)","score":0,"options":{},"aftercomplete":{"moreinfo":"","eventcompleted":false,"activate":"","hidden":"41","specialefx":"","execute":"3","qrcollectionclear":false}},{"id":3,"type":"qrcode","name":"Area of Dimitsana","description":"In the greater area of Dimitsana there are more than 90 water-powered workshops, so there are many opportunities for you to find a job. Look for the area map, in order to navigate and find exactly where you are (scan the QR code next to the map)","score":100,"options":{"word":"48"},"aftercomplete":{"moreinfo":"","eventcompleted":false,"activate":"","hidden":"3","specialefx":"","execute":"4","qrcollectionclear":false},"afterfailed":{"moreinfo":"","eventfailed":false,"activate":"","hidden":"3","specialefx":"","execute":"4","score":0,"qrcollectionclear":true}},{"id":4,"type":"info","name":"Info Maradochori","description":"You are right below the Aï-Yannis spring, in the area called Maradochori. There are indeed several water-powered workshops here, including the powder mills that you have heard of.","score":0,"options":{"url_photo":"https://www.xteamsoftware.com/pluggy/dimitsana/image/4.jpg"},"aftercomplete":{"moreinfo":"","eventcompleted":false,"activate":"","hidden":"4","specialefx":"","execute":"5","qrcollectionclear":false}},{"id":5,"type":"info","name":"You meet the powder miller","description":"At this point, you meet the powder miller. He is the owner of the mill and he is looking to hire some help but he is not sure if you are worthy enough. He wants to test you and see how much of a hard worker you are. That is why he sends you to the owners of the fulling-tub and the water mill, bothunder the same roof, to employ you for a week and test your skills.Find the fulling-tub (and scan the equivalent QR code).","score":0,"options":{"url_photo":"https://www.xteamsoftware.com/pluggy/dimitsana/image/5.jpg"},"aftercomplete":{"moreinfo":"","eventcompleted":false,"activate":"","hidden":"5","specialefx":"","execute":"6","qrcollectionclear":false}},{"id":6,"type":"qrcode","name":"Find the fulling-tub","description":"Find the fulling-tub and scan the equivalent QR code","score":100,"options":{"word":"63"},"aftercomplete":{"moreinfo":"","eventcompleted":false,"activate":"","hidden":"6","specialefx":"","execute":"7","qrcollectionclear":false},"afterfailed":{"moreinfo":"","eventfailed":false,"activate":"","hidden":"6","specialefx":"","execute":"7","score":0,"qrcollectionclear":true}},{"id":7,"type":"info","name":"takes advantage of the power that water","description":"This simple installation takes advantage of the power that water gets while falling from a great hight, through the headrace, and as it rotates with force in the tub. They were used to process woolen goods at the stage of their manufacture (to make them fluffy and bind the fibres together)and for their annual washing.","score":0,"options":{"url_photo":"https://www.xteamsoftware.com/pluggy/dimitsana/image/7.jpg"},"aftercomplete":{"moreinfo":"","eventcompleted":false,"activate":"","hidden":"7","specialefx":"","execute":"8","qrcollectionclear":false}},{"id":8,"type":"quiz","name":"The woolen goods that may NOT washed in the fulling-tub:","description":"The fuller awaits for you here and gives you your first task: to distinguish the woven fabrics that have been sent to him from the village houses and to throw them in the tub for the annual washing.","score":100,"options":{"quiz":{"question":"Choose from the list, the woolen goods that may NOT washed in the fulling-tub:","answer":["Fustanella","Saisma (woollen rug)","Flokati rug","Mat"],"casesensitive":false}},"aftercomplete":{"moreinfo":"You have helped significantly in the difficult task of washing in the fulling-tub.","eventcompleted":false,"activate":"","hidden":"8","specialefx":"","execute":"9","qrcollectionclear":false},"afterfailed":{"moreinfo":"You can try again.","eventfailed":false,"activate":"","hidden":"8","specialefx":"","execute":"35","score":0,"qrcollectionclear":true}},{"id":35,"type":"quiz","name":"The woolen goods that may NOT washed in the fulling-tub:","description":"The fuller awaits for you here and gives you your first task: to distinguish the woven fabrics that have been sent to him from the village houses and to throw them in the tub for the annual washing.","score":50,"options":{"quiz":{"question":"Choose from the list, the woolen goods that may NOT washed in the fulling-tub:","answer":["Fustanella","Saisma (woollen rug)","Flokati rug","Mat"],"casesensitive":false}},"aftercomplete":{"moreinfo":"You have helped significantly in the difficult task of washing in the fulling-tub.","eventcompleted":false,"activate":"","hidden":"35","specialefx":"","execute":"9","qrcollectionclear":false},"afterfailed":{"moreinfo":"You have helped significantly in the difficult task of washing in the fulling-tub.\n","eventfailed":false,"activate":"","hidden":"35","specialefx":"","execute":"9","score":0,"qrcollectionclear":true}},{"id":9,"type":"info","name":"The owner of the water mill watches you","description":"The owner of the water mill watches you and immediately understands that you are very strong.That is why he asks you to help him grind the grain that the farmers have brought.","score":0,"options":{"url_photo":"https://www.xteamsoftware.com/pluggy/dimitsana/image/9.jpg"},"aftercomplete":{"moreinfo":"","eventcompleted":false,"activate":"","hidden":"9","specialefx":"","execute":"10","qrcollectionclear":false}},{"id":10,"type":"quiz","name":"Millstones of the watermill move","description":"Go to the mill, shed two corn seedlings in the grain hopper and observe how the two millstones of the watermill move to grind:","score":100,"options":{"quiz":{"photo":"https://www.xteamsoftware.com/pluggy/dimitsana/image/10.jpg","question":"How the two millstones of the watermill move to grind:","answer":["Both of them simulataneously","Only the upper","Only the lower","Nothing of this"],"casesensitive":false}},"aftercomplete":{"moreinfo":"You can try again.","eventcompleted":false,"activate":"","hidden":"10","specialefx":"","execute":"33","qrcollectionclear":false},"afterfailed":{"moreinfo":"","eventfailed":false,"activate":"","hidden":"10","specialefx":"","execute":"36","score":0,"qrcollectionclear":true}},{"id":36,"type":"quiz","name":"Millstones of the watermill move","description":"Go to the mill, shed two corn seedlings in the grain hopper and observe how the two millstones of the watermill move to grind:","score":50,"options":{"quiz":{"photo":"https://www.xteamsoftware.com/pluggy/dimitsana/image/10.jpg","question":"How the two millstones of the watermill move to grind:","answer":["Both of them simulataneously","Only the upper","Only the lower","Nothing of this"],"casesensitive":false}},"aftercomplete":{"moreinfo":"","eventcompleted":false,"activate":"","hidden":"36","specialefx":"","execute":"33","qrcollectionclear":false},"afterfailed":{"moreinfo":"","eventfailed":false,"activate":"","hidden":"36","specialefx":"","execute":"33","score":0,"qrcollectionclear":true}},{"id":33,"type":"info","name":"Take a picture of the water mill","description":"Now take a picture of the water mill as it grinds and share it with you friends on Facebook or Instagram, tagging the Open-air Water Power Museum.","score":0,"options":{"url_photo":"https://www.xteamsoftware.com/pluggy/dimitsana/image/33.jpg"},"aftercomplete":{"moreinfo":"","eventcompleted":false,"activate":"","hidden":"33","specialefx":"","execute":"11","qrcollectionclear":false}},{"id":11,"type":"photo","name":"Take a picture of the water mill","description":"Now take a picture of the water mill as it grinds and share it with you friends on Facebook or Instagram, tagging the Open-air Water Power Museum.","score":100,"options":{"share":true,"share_facebook":false,"share_twitter":false,"share_instagram":false,"share_optional":false,"share_score":0},"aftercomplete":{"moreinfo":"","eventcompleted":false,"activate":"","hidden":"11","specialefx":"","execute":"12","qrcollectionclear":false}},{"id":12,"type":"quizopen","name":"The mill suddenly stops working.","description":"The mill suddenly stops working. The millstone needs fluting in order to continue. Which tool do you need?Look for the right tool for the fluting of the millstone and type it in the field","score":100,"options":{"quiz":{"photo":"https://www.xteamsoftware.com/pluggy/dimitsana/image/12.jpg","question":"Which tool do you need?","answer":["fluting tool"],"casesensitive":false}},"aftercomplete":{"moreinfo":"You can try again.","eventcompleted":false,"activate":"","hidden":"12","specialefx":"","execute":"13","qrcollectionclear":false},"afterfailed":{"moreinfo":"","eventfailed":false,"activate":"","hidden":"12","specialefx":"","execute":"37","score":0,"qrcollectionclear":true}},{"id":37,"type":"quizopen","name":"The mill suddenly stops working.","description":"The mill suddenly stops working. The millstone needs fluting in order to continue. Which tool do you need?Look for the right tool for the fluting of the millstone and type it in the field","score":100,"options":{"quiz":{"photo":"https://www.xteamsoftware.com/pluggy/dimitsana/image/12.jpg","question":"Which tool do you need?","answer":["fluting tool"],"casesensitive":false}},"aftercomplete":{"moreinfo":"","eventcompleted":false,"activate":"","hidden":"37","specialefx":"","execute":"13","qrcollectionclear":false},"afterfailed":{"moreinfo":"","eventfailed":false,"activate":"","hidden":"37","specialefx":"","execute":"13","score":0,"qrcollectionclear":true}},{"id":13,"type":"info","name":"The fluting tool","description":"The fluting tool is the one that is used for the fluting of the millstone. From the other tools, the slider is used to roll the millstone, while the level helps in carefully leveling the stone while putting it back in place, in order to prevent excessive friction and wear.","score":0,"options":{"url_photo":"https://www.xteamsoftware.com/pluggy/dimitsana/image/13.jpg"},"aftercomplete":{"moreinfo":"","eventcompleted":false,"activate":"","hidden":"13","specialefx":"","execute":"14","qrcollectionclear":false}},{"id":14,"type":"info","name":"It's been a week since you arrived in Dimitsana.","description":"It's been a week since you arrived in Dimitsana. Working at the fulling-tub and at the water mill istough but you have learned a lot about the place, its inhabitants and its customs. You have made friends and life here does not seem as different as at first. Now, you are being called from the rakistill to have a glass of tsipouro.","score":0,"options":{"url_photo":"https://www.xteamsoftware.com/pluggy/dimitsana/image/14.jpg"},"aftercomplete":{"moreinfo":"","eventcompleted":false,"activate":"","hidden":"14","specialefx":"","execute":"15","qrcollectionclear":false}},{"id":15,"type":"quiz","name":"Find the raki still and answer to the question that appears on your screen.","description":"How long does it take to boil the grape skins and seeds in order to distill the whole quantity of tsipouro they contain?","score":100,"options":{"quiz":{"photo":"https://www.xteamsoftware.com/pluggy/dimitsana/image/15.jpg","question":"How long does it take to boil the grape skins and seeds in order to distill the whole quantity of tsipouro they contain?","answer":["2 hours","5 hours","10 hours","10 minutes"],"casesensitive":false}},"aftercomplete":{"moreinfo":"You can try again.","eventcompleted":false,"activate":"","hidden":"15","specialefx":"","execute":"16","qrcollectionclear":false},"afterfailed":{"moreinfo":"","eventfailed":false,"activate":"","hidden":"15","specialefx":"","execute":"38","score":0,"qrcollectionclear":true}},{"id":38,"type":"quiz","name":"Find the raki still and answer to the question that appears on your screen.","description":"How long does it take to boil the grape skins and seeds in order to distill the whole quantity of tsipouro they contain?","score":50,"options":{"quiz":{"photo":"https://www.xteamsoftware.com/pluggy/dimitsana/image/15.jpg","question":"How long does it take to boil the grape skins and seeds in order to distill the whole quantity of tsipouro they contain?","answer":["2 hours","5 hours","10 hours","10 minutes"],"casesensitive":false}},"aftercomplete":{"moreinfo":"","eventcompleted":false,"activate":"","hidden":"15","specialefx":"","execute":"16","qrcollectionclear":false},"afterfailed":{"moreinfo":"","eventfailed":false,"activate":"","hidden":"38","specialefx":"","execute":"16","score":0,"qrcollectionclear":true}},{"id":16,"type":"info","name":"Info boiler-load","description":"Each boiler-load of 60-80 kilos of grape skins and seeds has to be boiled over a hot fire for two hours and produces about 20 kilos of tsipouro, with an alcohol content of 35-40%.","score":0,"options":{"url_photo":"https://www.xteamsoftware.com/pluggy/dimitsana/image/16.jpg"},"aftercomplete":{"moreinfo":"","eventcompleted":false,"activate":"","hidden":"16","specialefx":"","execute":"17","qrcollectionclear":false}},{"id":17,"type":"info","name":"At the fulling-tub the job has been reduced.","description":"At the fulling-tub the job has been reduced. The winter rugs and fabrics of the village have been washed and dry to be stored for the following winter. You have worked a lot at the watermill as well and you have proved your worth to the powder miller. When you find him in the raki still, you ask him to employ you. He accepts and tells you to come by tomorrow morning to start. However, as helping hands are always needed in the workshops, he sends you to the tannery to find the tanner and help him.","score":0,"options":{"url_photo":"https://www.xteamsoftware.com/pluggy/dimitsana/image/17.jpg"},"aftercomplete":{"moreinfo":"","eventcompleted":false,"activate":"","hidden":"17","specialefx":"","execute":"18","qrcollectionclear":false}},{"id":18,"type":"qrcode","name":"Find the bean in the tannery","description":"Find the bean in the tannery and scan the QR code of the tool you need for the \"fleshing\"","score":100,"options":{"word":"31"},"aftercomplete":{"moreinfo":"","eventcompleted":false,"activate":"","hidden":"18","specialefx":"","execute":"19","qrcollectionclear":false},"afterfailed":{"moreinfo":"","eventfailed":false,"activate":"","hidden":"18","specialefx":"","execute":"19","score":0,"qrcollectionclear":true}},{"id":19,"type":"info","name":"The inner side of the skin","description":"The inner side of the skin has to be cleaned of «flesh» - that is, of nerves, fat and meat remnants. This «flesh» is part of the hypodermis. Once the skins are soft, they are stretched over a beam, after which the tanner scrapes the inner side of the skin with the fleshing knife. This is long curved, almost blunt and double handed, and it has to be used on the surface with care and skill soas not to strain or cut the skin.","score":0,"options":{},"aftercomplete":{"moreinfo":"","eventcompleted":false,"activate":"","hidden":"19","specialefx":"","execute":"20","qrcollectionclear":false}},{"id":20,"type":"quizopen","name":"Type in three tanning materials in the field","description":"Your following task is to rub the tanning materials in thick granules.\nType in three tanning materials in the field to complete.","score":50,"options":{"quiz":{"question":"............ cup","answer":["acorn"],"casesensitive":false}},"aftercomplete":{"moreinfo":"","eventcompleted":false,"activate":"","hidden":"20","specialefx":"","execute":"21","qrcollectionclear":false},"afterfailed":{"moreinfo":"","eventfailed":false,"activate":"","hidden":"20","specialefx":"","execute":"21","score":0,"qrcollectionclear":true}},{"id":21,"type":"quizopen","name":"Type in three tanning materials in the field","description":"Your following task is to rub the tanning materials in thick granules.Type in three tanning materials in the field to complete.","score":50,"options":{"quiz":{"question":"Bark of ........ and ...... ( 2 words separate with a space )","answer":["pine and chestnut, pine chestnut"],"casesensitive":false}},"aftercomplete":{"moreinfo":"","eventcompleted":false,"activate":"","hidden":"21","specialefx":"","execute":"22","qrcollectionclear":false},"afterfailed":{"moreinfo":"","eventfailed":false,"activate":"","hidden":"21","specialefx":"","execute":"22","score":0,"qrcollectionclear":true}},{"id":22,"type":"quizopen","name":"Type in three tanning materials in the field","description":"Your following task is to rub the tanning materials in thick granules.Type in three tanning materials in the field to complete.","score":50,"options":{"quiz":{"question":"Roots of ........","answer":["holly,kerm oak"],"casesensitive":false}},"aftercomplete":{"moreinfo":"","eventcompleted":false,"activate":"","hidden":"22","specialefx":"","execute":"23","qrcollectionclear":false},"afterfailed":{"moreinfo":"","eventfailed":false,"activate":"","hidden":"22","specialefx":"","execute":"23","score":0,"qrcollectionclear":true}},{"id":23,"type":"info","name":"The tanner is now on the currying stage","description":"The tanner is now on the currying stage, i.e. at the finishing of the elaboration of the skin.","score":0,"options":{"url_photo":"https://www.xteamsoftware.com/pluggy/dimitsana/image/23.jpg"},"aftercomplete":{"moreinfo":"","eventcompleted":false,"activate":"","hidden":"23","specialefx":"","execute":"24","qrcollectionclear":false}},{"id":24,"type":"qrcode","name":"Search for and scan the QR code of the tool","description":"Search for and scan the QR code of the tool, with which he gives the skin the texture of the grain","score":100,"options":{"word":"17"},"aftercomplete":{"moreinfo":"","eventcompleted":false,"activate":"","hidden":"24","specialefx":"","execute":"25","qrcollectionclear":false},"afterfailed":{"moreinfo":"","eventfailed":false,"activate":"","hidden":"24","specialefx":"","execute":"25","score":0,"qrcollectionclear":true}},{"id":25,"type":"info","name":"Well done!","description":"Well done! It is the cork-covered graining tool. Now you can also test your dexterity with the cork in decorating the skin and get photographed on the bench of the tanner.Share your picture with you friends on Facebook or Instagram, tagging the Open-air Water Power Museum.","score":0,"options":{"url_photo":"https://www.xteamsoftware.com/pluggy/dimitsana/image/25.jpg"},"aftercomplete":{"moreinfo":"","eventcompleted":false,"activate":"","hidden":"25","specialefx":"","execute":"26","qrcollectionclear":false}},{"id":26,"type":"photo","name":"Take photo cork-covered graining tool","description":"Share your picture with you friends on Facebook or Instagram, tagging the Open-air Water Power Museum.","score":100,"options":{"share":true,"share_facebook":false,"share_twitter":false,"share_instagram":false,"share_optional":false,"share_score":0},"aftercomplete":{"moreinfo":"","eventcompleted":false,"activate":"","hidden":"26","specialefx":"","execute":"27","qrcollectionclear":false}},{"id":27,"type":"quiz","name":"Today is your first day of work at the powder mill.","description":"Your day begins early in the morning. The powder miller welcomes you with a phrase of a famous hero of 1821: \"Gunpowder we had. They were making it in Dimitsana.\" Who said this phrase?","score":100,"options":{"quiz":{"photo":"https://www.xteamsoftware.com/pluggy/dimitsana/image/27.jpg","question":"\"Gunpowder we had. They were making it in Dimitsana.\" Who said this phrase?","answer":["Kolokotronis","Papaflessas","Old Patron Germanos","Patriarch Gregory"],"casesensitive":false}},"aftercomplete":{"moreinfo":"You can try again.","eventcompleted":false,"activate":"","hidden":"27","specialefx":"","execute":"28","qrcollectionclear":false},"afterfailed":{"moreinfo":"","eventfailed":false,"activate":"","hidden":"27","specialefx":"","execute":"39","score":0,"qrcollectionclear":true}},{"id":39,"type":"quiz","name":"Today is your first day of work at the powder mill.","description":"Your day begins early in the morning. The powder miller welcomes you with a phrase of a famous hero of 1821: \"Gunpowder we had. They were making it in Dimitsana.\" Who said this phrase?","score":50,"options":{"quiz":{"photo":"https://www.xteamsoftware.com/pluggy/dimitsana/image/27.jpg","question":"\"Gunpowder we had. They were making it in Dimitsana.\" Who said this phrase?","answer":["Kolokotronis","Papaflessas","Old Patron Germanos","Patriarch Gregory"],"casesensitive":false}},"aftercomplete":{"moreinfo":"","eventcompleted":false,"activate":"","hidden":"39","specialefx":"","execute":"28","qrcollectionclear":false},"afterfailed":{"moreinfo":"","eventfailed":false,"activate":"","hidden":"39","specialefx":"","execute":"28","score":0,"qrcollectionclear":true}},{"id":28,"type":"info","name":"All day you have been carrying sacks","description":"All day you have been carrying sacks with materials used to make the gunpowder. Once you have got them all, the powder miller asks you to mix the right materials in the havania (mortars).","score":0,"options":{"url_photo":"https://www.xteamsoftware.com/pluggy/dimitsana/image/28.jpg"},"aftercomplete":{"moreinfo":"","eventcompleted":false,"activate":"","hidden":"28","specialefx":"","execute":"29","qrcollectionclear":false}},{"id":29,"type":"quizopen","name":"Type the thee ingredients","description":"Type the thee ingredients that need to be mixed in the havania in the fields","score":100,"options":{"quiz":{"question":"Type the thee ingredients that need to be mixed in the havania in the fields","answer":["mix saltpeter charcoal brimstone,mix saltpeter and charcoal and brimstone"],"casesensitive":false}},"aftercomplete":{"moreinfo":"You can try again.","eventcompleted":false,"activate":"","hidden":"29","specialefx":"","execute":"30","qrcollectionclear":false},"afterfailed":{"moreinfo":"","eventfailed":false,"activate":"","hidden":"29","specialefx":"","execute":"40","score":0,"qrcollectionclear":true}},{"id":40,"type":"quizopen","name":"Type the thee ingredients","description":"Type the thee ingredients that need to be mixed in the havania in the fields","score":50,"options":{"quiz":{"question":"Type the thee ingredients that need to be mixed in the havania in the fields","answer":["mix saltpeter charcoal brimstone,mix saltpeter and charcoal and brimstone"],"casesensitive":false}},"aftercomplete":{"moreinfo":"","eventcompleted":false,"activate":"","hidden":"40","specialefx":"","execute":"30","qrcollectionclear":false},"afterfailed":{"moreinfo":"","eventfailed":false,"activate":"","hidden":"40","specialefx":"","execute":"30","score":0,"qrcollectionclear":true}},{"id":30,"type":"info","name":"Well done!","description":"Well done! You need to mix saltpeter, charcoal and brimstone. The mill has started its operation. But for you, today's work is over.\n\nExhausted from your work during the whole day, you fill a tsipouro flask and head to the kiosk to rest and contemplate the view of Lousios' gorge, listening to the flowing water of the river.","score":0,"options":{},"aftercomplete":{"moreinfo":"","eventcompleted":false,"activate":"","hidden":"30","specialefx":"","execute":"34","qrcollectionclear":false}},{"id":34,"type":"info","name":"Treasured memory","description":"Go to the kiosk and take a photo or a selfie with the view to keep it as a treasured memory on your cell phone.","score":0,"options":{"url_photo":"https://www.xteamsoftware.com/pluggy/dimitsana/image/34.jpg"},"aftercomplete":{"moreinfo":"","eventcompleted":false,"activate":"","hidden":"34","specialefx":"","execute":"31","qrcollectionclear":false}},{"id":31,"type":"photo","name":"Treasured memory","description":"Go to the kiosk and take a photo or a selfie with the view to keep it as a treasured memory on your cell phone.","score":100,"options":{"share":true,"share_facebook":false,"share_twitter":false,"share_instagram":false,"share_optional":true,"share_score":0},"aftercomplete":{"moreinfo":"","eventcompleted":false,"activate":"","hidden":"31","specialefx":"","execute":"32","qrcollectionclear":false}},{"id":32,"type":"info","name":"At this point you have completed the treasure hunt","description":"Nicolas Poussin (1594-1665), Et in Arcadia ego (The Arkadian Shepherds, 1639), Louvre Museum, ParisThe phrase \"Et in Arcadia ego\" from Nicolas Poussin’s famous painting, which literally translates into \"I am also in Arcadia\", links the ancient landscape of Arcadia with the unpretentious way of life of the shepherds who inhabited it in the past in an idyllic natural environment, like the one you have just photographed!","score":0,"options":{"url_photo":"https://www.xteamsoftware.com/pluggy/dimitsana/image/32.jpg"},"aftercomplete":{"moreinfo":"","eventcompleted":false,"activate":"","hidden":"32","specialefx":"","execute":"43","qrcollectionclear":false}},{"id":43,"type":"info","name":"Congratulations! ","description":"Congratulations! At this point you have completed the game of the Open-Air Water Power Museum!\n\nScenario: Piraeus Bank Group Cultural Foundation\nPhotographs: Piraeus Bank Group Cultural Foundation, Th. Kottas, N. Daniilidis","score":0,"options":{},"aftercomplete":{"moreinfo":"","eventcompleted":true,"activate":"","hidden":"","specialefx":"","execute":"","qrcollectionclear":false}}],"complete":{"info":"Photographs: Piraeus Bank Group Cultural Foundation, Th. Kottas, N. Daniilidis","link":"","photo":"","sound":"0","score":0},"failed":{"info":"Photographs: Piraeus Bank Group Cultural Foundation, Th. Kottas, N. Daniilidis","link":"","photo":"","sound":"0","score":0}}}