{"data":{"id":0,"uuid":"f5775faa-0a85-4890-88a9-cbf6ed94fe37","enabled":true,"debug":false,"icon":"image/","name":"Bug's Cartoon  (for Kids)","subtitle":"A challenge to recognize bugs","description":"Can you recognize bugs in cartoons? ","duration":0,"place":"","geocoord":{"latitude":"0","longitude":"0","range":"0"},"visible":true,"private":false,"trials":[{"id":2,"type":"slidingpuzzle","name":"Puzzle","description":"Reconstruct the bug puzzle","score":250,"options":{"puzzle":{"photo":"image/2.jpg","pieces":9}},"activated":{"invisible":false,"onstart":true,"ontimer":0,"onscore":0,"onqrcode":""},"aftercomplete":{"moreinfo":"","eventcompleted":false,"activate":"","hidden":"2","specialefx":"","execute":"3","qrcollectionclear":false},"afterfailed":{"moreinfo":"","eventfailed":false,"activate":"","hidden":"2","specialefx":"","execute":"4","score":0,"qrcollectionclear":false}},{"id":3,"type":"quiz","name":"What's the bug's name in the picture?","description":"What's the bug's name in the picture?","score":100,"options":{"quiz":{"photo":"image/3.jpg","question":"What's the bug's name in the picture?","answer":["Bee","Ant","Fly","Cat"],"casesensitive":false}},"aftercomplete":{"moreinfo":"","eventcompleted":false,"activate":"","hidden":"3","specialefx":"","execute":"4","qrcollectionclear":false},"afterfailed":{"moreinfo":"","eventfailed":false,"activate":"","hidden":"3","specialefx":"","execute":"4","score":0,"qrcollectionclear":false}},{"id":4,"type":"slidingpuzzle","name":"Puzzle","description":"Reconstruct the bug puzzle","score":250,"options":{"puzzle":{"photo":"image/4.jpg","pieces":9}},"aftercomplete":{"moreinfo":"","eventcompleted":false,"activate":"","hidden":"4","specialefx":"","execute":"5","qrcollectionclear":false},"afterfailed":{"moreinfo":"","eventfailed":false,"activate":"","hidden":"4","specialefx":"","execute":"6","score":0,"qrcollectionclear":false}},{"id":5,"type":"quiz","name":"What's the bug's name in the picture?","description":"What's the bug's name in the picture?","score":100,"options":{"quiz":{"photo":"image/5.jpg","question":"What's the bug's name in the picture?","answer":["Ladybug","Ant","Bee","Spider"],"casesensitive":false}},"aftercomplete":{"moreinfo":"","eventcompleted":false,"activate":"","hidden":"5","specialefx":"","execute":"6","qrcollectionclear":false},"afterfailed":{"moreinfo":"","eventfailed":false,"activate":"","hidden":"5","specialefx":"","execute":"6","score":0,"qrcollectionclear":false}},{"id":6,"type":"slidingpuzzle","name":"Puzzle","description":"Reconstruct the bug puzzle","score":250,"options":{"puzzle":{"photo":"image/6.jpg","pieces":9}},"aftercomplete":{"moreinfo":"","eventcompleted":false,"activate":"","hidden":"6","specialefx":"","execute":"7","qrcollectionclear":false},"afterfailed":{"moreinfo":"","eventfailed":false,"activate":"","hidden":"6","specialefx":"","execute":"8","score":0,"qrcollectionclear":false}},{"id":7,"type":"quiz","name":"What's the bug's name in the picture?","description":"What's the bug's name in the picture?","score":100,"options":{"quiz":{"photo":"image/7.jpg","question":"What's the bug's name in the picture?","answer":["Fly","Bee","Ant","Beetle"],"casesensitive":false}},"aftercomplete":{"moreinfo":"","eventcompleted":false,"activate":"","hidden":"7","specialefx":"","execute":"8","qrcollectionclear":false},"afterfailed":{"moreinfo":"","eventfailed":false,"activate":"","hidden":"7","specialefx":"","execute":"8","score":0,"qrcollectionclear":false}},{"id":8,"type":"slidingpuzzle","name":"Puzzle","description":"Reconstruct the bug puzzle","score":250,"options":{"puzzle":{"photo":"image/8.jpg","pieces":9}},"aftercomplete":{"moreinfo":"","eventcompleted":false,"activate":"","hidden":"8","specialefx":"","execute":"9","qrcollectionclear":false},"afterfailed":{"moreinfo":"","eventfailed":false,"activate":"","hidden":"8","specialefx":"","execute":"10","score":0,"qrcollectionclear":false}},{"id":9,"type":"quiz","name":"What's the bug's name in the picture?","description":"What's the bug's name in the picture?","score":100,"options":{"quiz":{"photo":"image/9.jpg","question":"What's the bug's name in the picture?","answer":["Butterfly","Bee","Ant","Dragonfly"],"casesensitive":false}},"aftercomplete":{"moreinfo":"","eventcompleted":false,"activate":"","hidden":"9","specialefx":"","execute":"10","qrcollectionclear":false},"afterfailed":{"moreinfo":"","eventfailed":false,"activate":"","hidden":"9","specialefx":"","execute":"10","score":0,"qrcollectionclear":false}},{"id":10,"type":"slidingpuzzle","name":"Puzzle","description":"Reconstruct the bug puzzle","score":250,"options":{"puzzle":{"photo":"image/10.jpg","pieces":9}},"aftercomplete":{"moreinfo":"","eventcompleted":false,"activate":"","hidden":"10","specialefx":"","execute":"11","qrcollectionclear":false},"afterfailed":{"moreinfo":"","eventfailed":false,"activate":"","hidden":"10","specialefx":"","execute":"12","score":0,"qrcollectionclear":false}},{"id":11,"type":"quiz","name":"What's the bug's name in the picture?","description":"What's the bug's name in the picture?","score":100,"options":{"quiz":{"photo":"image/11.jpg","question":"What's the bug's name in the picture?","answer":["Bug","Butterfly","Dog","Fly"],"casesensitive":false}},"aftercomplete":{"moreinfo":"","eventcompleted":false,"activate":"","hidden":"11","specialefx":"","execute":"12","qrcollectionclear":false},"afterfailed":{"moreinfo":"","eventfailed":false,"activate":"","hidden":"11","specialefx":"","execute":"12","score":0,"qrcollectionclear":false}},{"id":12,"type":"slidingpuzzle","name":"Puzzle","description":"Reconstruct the bug puzzle","score":500,"options":{"puzzle":{"photo":"image/12.jpg","pieces":16}},"aftercomplete":{"moreinfo":"","eventcompleted":false,"activate":"","hidden":"12","specialefx":"","execute":"13","qrcollectionclear":false},"afterfailed":{"moreinfo":"","eventfailed":false,"activate":"","hidden":"12","specialefx":"","execute":"14","score":0,"qrcollectionclear":false}},{"id":13,"type":"quiz","name":"What's the bug's name in the picture?","description":"What's the bug's name in the picture?","score":100,"options":{"quiz":{"photo":"image/13.jpg","question":"What's the bug's name in the picture?","answer":["Slug","Ant","Camel","Bee"],"casesensitive":false}},"aftercomplete":{"moreinfo":"","eventcompleted":false,"activate":"13","hidden":"","specialefx":"","execute":"14","qrcollectionclear":false},"afterfailed":{"moreinfo":"","eventfailed":false,"activate":"","hidden":"13","specialefx":"","execute":"14","score":0,"qrcollectionclear":false}},{"id":14,"type":"slidingpuzzle","name":"Puzzle","description":"Reconstruct the bug puzzle","score":500,"options":{"puzzle":{"photo":"image/14.jpg","pieces":16}},"aftercomplete":{"moreinfo":"","eventcompleted":false,"activate":"","hidden":"14","specialefx":"","execute":"15","qrcollectionclear":false},"afterfailed":{"moreinfo":"","eventfailed":false,"activate":"","hidden":"14","specialefx":"","execute":"16","score":0,"qrcollectionclear":false}},{"id":15,"type":"quiz","name":"What's the bug's name in the picture?","description":"What's the bug's name in the picture?","score":100,"options":{"quiz":{"photo":"image/15.jpg","question":"What's the bug's name in the picture?","answer":["Butterfly","Ant","Bug","Scorpion"],"casesensitive":false}},"aftercomplete":{"moreinfo":"","eventcompleted":false,"activate":"","hidden":"15","specialefx":"","execute":"16","qrcollectionclear":false},"afterfailed":{"moreinfo":"","eventfailed":false,"activate":"","hidden":"15","specialefx":"","execute":"16","score":0,"qrcollectionclear":false}},{"id":16,"type":"slidingpuzzle","name":"Puzzle","description":"Reconstruct the bug puzzle","score":500,"options":{"puzzle":{"photo":"image/16.jpg","pieces":16}},"aftercomplete":{"moreinfo":"","eventcompleted":false,"activate":"","hidden":"16","specialefx":"","execute":"17","qrcollectionclear":false},"afterfailed":{"moreinfo":"","eventfailed":false,"activate":"","hidden":"16","specialefx":"","execute":"18","score":0,"qrcollectionclear":false}},{"id":17,"type":"quiz","name":"What's the bug's name in the picture?","description":"What's the bug's name in the picture?","score":100,"options":{"quiz":{"photo":"image/17.jpg","question":"What's the bug's name in the picture?","answer":["Scorpion","Ant","Butterfly","Spider"],"casesensitive":false}},"aftercomplete":{"moreinfo":"","eventcompleted":false,"activate":"","hidden":"17","specialefx":"","execute":"18","qrcollectionclear":false},"afterfailed":{"moreinfo":"","eventfailed":false,"activate":"","hidden":"17","specialefx":"","execute":"18","score":0,"qrcollectionclear":false}},{"id":18,"type":"info","name":"Game Completed","description":"The game was completed, we wait for you for the next challenges!","score":0,"options":{"url_photo":"image/18.jpg"},"aftercomplete":{"moreinfo":"","eventcompleted":true,"activate":"","hidden":"","specialefx":"","execute":"","qrcollectionclear":false}}]}}