{"data":{"id":0,"uuid":"64b505cb-df25-434b-ba80-843bdbbe7b55","enabled":true,"debug":false,"icon":"image/","name":"Trivial Quiz","subtitle":"PLUGGY trivial quiz!","description":"Have fun with PLUGGY and trivial quiz! Prove yourself with the most varied questions on art and culture!","duration":0,"place":"","geocoord":{"latitude":"0","longitude":"0","range":"0"},"visible":true,"private":false,"trials":[{"id":1,"type":"quiz","name":"Lorenzo De’ Medici","description":"Lorenzo De’ Medici, called The Magnificient, was the magnate and patron of which of well known artists of his time?","score":100,"options":{"quiz":{"photo":"image/1.jpg","question":"Lorenzo De’ Medici, called The Magnificient, was the magnate and patron of which of well known artists of his time?","answer":["Sandro Botticelli and Agnolo Poliziano","Tintoretto and Francesco Petrarca","Tiziano and Ludovico Ariosto","Donatello and Pietro Aretino"],"casesensitive":false}},"activated":{"invisible":false,"onstart":true,"ontimer":0,"onscore":0,"onqrcode":""},"aftercomplete":{"moreinfo":"","eventcompleted":false,"activate":"","hidden":"1","specialefx":"","execute":"2","qrcollectionclear":false},"afterfailed":{"moreinfo":"","eventfailed":false,"activate":"","hidden":"1","specialefx":"","execute":"2","score":0,"qrcollectionclear":false}},{"id":2,"type":"quiz","name":"2019 has been the anniversary ","description":"2019 has been the anniversary of an enormous achievement for human history:","score":100,"options":{"quiz":{"photo":"image/2.jpg","question":"2019 has been the anniversary of an enormous achievement for human history:","answer":["The first man on the moon","The discovery of penicillin","The invention of the first personal computer","The discovery of Nuclear fission"],"casesensitive":false}},"aftercomplete":{"moreinfo":"","eventcompleted":false,"activate":"","hidden":"2","specialefx":"","execute":"3","qrcollectionclear":false},"afterfailed":{"moreinfo":"","eventfailed":false,"activate":"","hidden":"2","specialefx":"","execute":"3","score":0,"qrcollectionclear":false}},{"id":3,"type":"quiz","name":"The famous film ","description":"The famous film \"Breakfast at Tiffany’s\" starring Audrey Hepburn and George Peppard is based on the homonymous novel by whom?","score":100,"options":{"quiz":{"photo":"image/3.jpg","question":"The famous film \"Breakfast at Tiffany’s\" starring Audrey Hepburn and George Peppard is based on the homonymous novel by whom?","answer":["Truman Capote","Jack London","Emily Brontë","Virginia Woolf"],"casesensitive":false}},"aftercomplete":{"moreinfo":"","eventcompleted":false,"activate":"","hidden":"3","specialefx":"","execute":"4","qrcollectionclear":false},"afterfailed":{"moreinfo":"","eventfailed":false,"activate":"","hidden":"3","specialefx":"","execute":"4","score":0,"qrcollectionclear":false}},{"id":4,"type":"quiz","name":"Live Aid concert","description":"When and where did the English Group the \"Queen\" performed for the Live Aid concert?","score":100,"options":{"quiz":{"photo":"image/4.jpg","question":"When and where did the English Group the \"Queen\" performed for the Live Aid concert?","answer":["Wembley Stadium - London, 1985","San Siro Stadium - Milan, 1988","FNB Stadium - Johannesburg (1990)","Camp Nou - Barcelona (1985)"],"casesensitive":false}},"aftercomplete":{"moreinfo":"","eventcompleted":false,"activate":"","hidden":"4","specialefx":"","execute":"5","qrcollectionclear":false},"afterfailed":{"moreinfo":"","eventfailed":false,"activate":"","hidden":"4","specialefx":"","execute":"5","score":0,"qrcollectionclear":false}},{"id":5,"type":"quiz","name":"In which year ","description":"In which year did J.K.Rowling published the first book of her most famous saga, \"Harry Potter and the Philosopher's Stone\"?","score":100,"options":{"quiz":{"photo":"image/5.jpg","question":"In which year did J.K.Rowling published the first book of her most famous saga, \"Harry Potter and the Philosopher's Stone\"?","answer":["1997","1999","2000","2001"],"casesensitive":false}},"aftercomplete":{"moreinfo":"","eventcompleted":false,"activate":"","hidden":"5","specialefx":"","execute":"6","qrcollectionclear":false},"afterfailed":{"moreinfo":"","eventfailed":false,"activate":"","hidden":"5","specialefx":"","execute":"6","score":0,"qrcollectionclear":false}},{"id":6,"type":"quiz","name":"Which is the main character ","description":"Which is the main character of \"A Christmas Carol\", one of the novels by Charles Dickens?","score":100,"options":{"quiz":{"photo":"image/6.jpg","question":"Which is the main character of \"A Christmas Carol\", one of the novels by Charles Dickens?","answer":["Ebenezer Scrooge","Oliver Twist","Martin Eden","Miss Murple"],"casesensitive":false}},"aftercomplete":{"moreinfo":"","eventcompleted":false,"activate":"","hidden":"6","specialefx":"","execute":"7","qrcollectionclear":false},"afterfailed":{"moreinfo":"","eventfailed":false,"activate":"","hidden":"6","specialefx":"","execute":"7","score":0,"qrcollectionclear":false}},{"id":7,"type":"quiz","name":"Which of the following drama","description":"Which of the following drama written by William Shakespeare is divided in two Parts, because of it magnitude?","score":100,"options":{"quiz":{"photo":"image/7.jpg","question":"Which of the following drama written by William Shakespeare is divided in two Parts, because of it magnitude?","answer":["Henry IV","Henry V","Macbeth","Romeo and Juliet"],"casesensitive":false}},"aftercomplete":{"moreinfo":"","eventcompleted":false,"activate":"","hidden":"7","specialefx":"","execute":"8","qrcollectionclear":false},"afterfailed":{"moreinfo":"","eventfailed":false,"activate":"","hidden":"7","specialefx":"","execute":"8","score":0,"qrcollectionclear":false}},{"id":8,"type":"quiz","name":"Dante Alighieri, the most famous Italian poet","description":"Dante Alighieri, the most famous Italian poet, was condemned to exhiliation in 1302 and, later, died in 1321 in which city?","score":100,"options":{"quiz":{"photo":"image/8.jpg","question":"Dante Alighieri, the most famous Italian poet, was condemned to exhiliation in 1302 and, later, died in 1321 in which city?","answer":["Ravenna","Milan","Naples","Rome"],"casesensitive":false}},"aftercomplete":{"moreinfo":"","eventcompleted":false,"activate":"","hidden":"8","specialefx":"","execute":"9","qrcollectionclear":false},"afterfailed":{"moreinfo":"","eventfailed":false,"activate":"","hidden":"8","specialefx":"","execute":"9","score":0,"qrcollectionclear":false}},{"id":9,"type":"quiz","name":"The House of the Spirits ","description":"The House of the Spirits (1993) is the debut novel of one of these great writers:","score":100,"options":{"quiz":{"photo":"image/9.jpg","question":"The House of the Spirits (1993) is the debut novel of one of these great writers:","answer":["Isabel Allende","Mario Vargas Llosa","Javier Cercas","Javier Marias"],"casesensitive":false}},"aftercomplete":{"moreinfo":"","eventcompleted":false,"activate":"","hidden":"9","specialefx":"","execute":"10","qrcollectionclear":false},"afterfailed":{"moreinfo":"","eventfailed":false,"activate":"","hidden":"9","specialefx":"","execute":"10","score":0,"qrcollectionclear":false}},{"id":10,"type":"quiz","name":"A French sculptor","description":"Marcel Duchamp was a French sculptor, member of which artistic movement?","score":100,"options":{"quiz":{"photo":"image/10.jpg","question":"Marcel Duchamp was a French sculptor, member of which artistic movement?","answer":["Dadaism","Expressionism","Minimalism","Pop Art"],"casesensitive":false}},"aftercomplete":{"moreinfo":"","eventcompleted":false,"activate":"","hidden":"10","specialefx":"","execute":"11","qrcollectionclear":false},"afterfailed":{"moreinfo":"","eventfailed":false,"activate":"","hidden":"10","specialefx":"","execute":"11","score":0,"qrcollectionclear":false}},{"id":11,"type":"quiz","name":"The biggest island of the world is","description":"The biggest island of the world is","score":100,"options":{"quiz":{"photo":"image/11.jpg","question":"The biggest island of the world is","answer":["Groenland","Madagascar","Cuba","Japan"],"casesensitive":false}},"aftercomplete":{"moreinfo":"","eventcompleted":false,"activate":"","hidden":"11","specialefx":"","execute":"12","qrcollectionclear":false},"afterfailed":{"moreinfo":"","eventfailed":false,"activate":"","hidden":"11","specialefx":"","execute":"12","score":0,"qrcollectionclear":false}},{"id":12,"type":"quiz","name":"Which king was ","description":"Which king was reigning when the French Revolution started in 1789?","score":100,"options":{"quiz":{"photo":"image/12.jpg","question":"Which king was reigning when the French Revolution started in 1789?","answer":["Luigi XVI","Napoleone","Carlo II","Filippo V"],"casesensitive":false}},"aftercomplete":{"moreinfo":"","eventcompleted":false,"activate":"","hidden":"12","specialefx":"","execute":"13","qrcollectionclear":false},"afterfailed":{"moreinfo":"","eventfailed":false,"activate":"","hidden":"12","specialefx":"","execute":"13","score":0,"qrcollectionclear":false}},{"id":13,"type":"quiz","name":"The invention of electric telegraph","description":"The invention of electric telegraph is due to one of the following scientists","score":100,"options":{"quiz":{"photo":"image/13.jpg","question":"The invention of electric telegraph is due to one of the following scientists","answer":["Samuel Morse","Guglielmo Marconi","Thomas Alva Edison","Louis Pasteur"],"casesensitive":false}},"aftercomplete":{"moreinfo":"","eventcompleted":false,"activate":"","hidden":"13","specialefx":"","execute":"14","qrcollectionclear":false},"afterfailed":{"moreinfo":"","eventfailed":false,"activate":"","hidden":"13","specialefx":"","execute":"14","score":0,"qrcollectionclear":false}},{"id":14,"type":"quiz","name":"The Italian Artist Amedeo Modigliani","description":"The Italian Artist Amedeo Modigliani, known for his subjects with long and thin necks, died at 35 (1884-1920). Where?","score":100,"options":{"quiz":{"photo":"image/14.jpg","question":"The Italian Artist Amedeo Modigliani, known for his subjects with long and thin necks, died at 35 (1884-1920). Where?","answer":["Paris","Rome","Livorno","Vienna"],"casesensitive":false}},"aftercomplete":{"moreinfo":"","eventcompleted":true,"activate":"","hidden":"14","specialefx":"","execute":"16","qrcollectionclear":false},"afterfailed":{"moreinfo":"","eventfailed":false,"activate":"","hidden":"14","specialefx":"","execute":"16","score":0,"qrcollectionclear":false}},{"id":16,"type":"info","name":"The game was completed!","description":"The game was completed, we wait for you for the next challenges!","score":0,"options":{"url_photo":"image/16.jpg"}}]}}