{"data":{"id":0,"uuid":"5395b6e3-7479-4fdc-bc01-4e58e0a18744","enabled":true,"debug":false,"icon":"image/","name":"Rome - the Eternal City","subtitle":"Rome, the Eternal City, as the ancient Roman used to call it. ","description":"Rome, the Eternal City, as the ancient Roman used to call it. With its unparalleled fascination, Rome has always attracted people from all over the world. Complete this quick test to discover how much do you know this city!","duration":0,"place":"","geocoord":{"latitude":"0","longitude":"0","range":"0"},"visible":true,"private":false,"trials":[{"id":1,"type":"info","name":"Rome, the Eternal City, as the ancient Roman used to call it. ","description":"Rome, the Eternal City, as the ancient Roman used to call it. With its unparalleled fascination, Rome has always attracted people from all over the world. Complete this quick test to discover how much do you know this city!","score":0,"options":{"url_photo":"image/1.jpg"},"activated":{"invisible":false,"onstart":true,"ontimer":0,"onscore":0,"onqrcode":""},"aftercomplete":{"moreinfo":"","eventcompleted":false,"activate":"2,3,4,5,6,7,8,9","hidden":"1","specialefx":"","execute":"","qrcollectionclear":false}},{"id":2,"type":"quiz","name":"According to a well-known legend, Rome was founded by:","description":"According to a well-known legend, Rome was founded by:","score":100,"options":{"quiz":{"photo":"image/2.jpg","question":"According to a well-known legend, Rome was founded by:","answer":["Romulus","Julius Caesar","Nerone","Remus"],"casesensitive":false}},"aftercomplete":{"moreinfo":"","eventcompleted":false,"activate":"","hidden":"2","specialefx":"","execute":"","qrcollectionclear":false}},{"id":3,"type":"quiz","name":"Does Rome have another state inside it?","description":"Does Rome have another state inside it?","score":100,"options":{"quiz":{"photo":"image/3.jpg","question":"Does Rome have another state inside it?","answer":["Vatican City State","Principality of Andorra","Principality of Monaco","Republic of San Marino"],"casesensitive":false}},"aftercomplete":{"moreinfo":"","eventcompleted":false,"activate":"","hidden":"3","specialefx":"","execute":"","qrcollectionclear":false}},{"id":4,"type":"quiz","name":"One of the most famous museums in Rome is:","description":"One of the most famous museums in Rome is:","score":100,"options":{"quiz":{"photo":"image/4.jpg","question":"One of the most famous museums in Rome is:","answer":["The Borghese Gallery","The Uffizi Gallery","Ca’ Pesaro Museum","Capodimonte Museum"],"casesensitive":false}},"aftercomplete":{"moreinfo":"","eventcompleted":false,"activate":"","hidden":"4","specialefx":"","execute":"","qrcollectionclear":false}},{"id":5,"type":"quiz","name":"One of the most important and famous churches in Rome in the world is:","description":"One of the most important and famous churches in Rome in the world is:","score":100,"options":{"quiz":{"photo":"image/5.jpg","question":"One of the most important and famous churches in Rome in the world is:","answer":["Archbasilica of St. John Lateran","Florence Cathedral","The Patriarchal Cathedral Basilica of Saint Mark","Basilica of San Francesco"],"casesensitive":false}},"aftercomplete":{"moreinfo":"","eventcompleted":false,"activate":"","hidden":"5","specialefx":"","execute":"","qrcollectionclear":false}},{"id":6,"type":"quiz","name":"The famous Pantheon","description":"The famous Pantheon, which can be visited in Rome, preserves the tomb of a famous Italian painter:","score":100,"options":{"quiz":{"photo":"image/6.jpg","question":"The famous Pantheon, which can be visited in Rome, preserves the tomb of a famous Italian painter:","answer":["Raffaello Sanzio","Caravaggio","Canaletto","Sandro Botticelli"],"casesensitive":false}},"aftercomplete":{"moreinfo":"","eventcompleted":false,"activate":"","hidden":"6","specialefx":"","execute":"","qrcollectionclear":false}},{"id":7,"type":"quiz","name":"Rome is famous for the cinematographic industry","description":"Rome is famous for the cinematographic industry, which has its headquarter in:","score":100,"options":{"quiz":{"photo":"image/7.jpg","question":"Rome is famous for the cinematographic industry, which has its headquarter in:","answer":["Cinecittà","EUR","Tor Vergata","Trastevere"],"casesensitive":false}},"aftercomplete":{"moreinfo":"","eventcompleted":false,"activate":"","hidden":"7","specialefx":"","execute":"","qrcollectionclear":false}},{"id":8,"type":"quiz","name":"In Rome there is one of the largest monuments in the world, It’s:","description":"In Rome there is one of the largest monuments in the world, It’s:","score":100,"options":{"quiz":{"photo":"image/8.jpg","question":"In Rome there is one of the largest monuments in the world, It’s:","answer":["The Colosseum, or Flavian Amphitheatre","Christ the Redeemer","Statue of Liberty","Parthenon"],"casesensitive":false}},"aftercomplete":{"moreinfo":"","eventcompleted":false,"activate":"","hidden":"8","specialefx":"","execute":"","qrcollectionclear":false}},{"id":9,"type":"quiz","name":"One of the most famous and visited fountains in Rome is:","description":"One of the most famous and visited fountains in Rome is:","score":100,"options":{"quiz":{"photo":"image/9.jpg","question":"One of the most famous and visited fountains in Rome is:","answer":["The Trevi Fountain","Four Seasons Fountain","Pretoria Fountain","Fountain of Nereid and the Tritons"],"casesensitive":false}},"aftercomplete":{"moreinfo":"","eventcompleted":false,"activate":"","hidden":"9","specialefx":"","execute":"","qrcollectionclear":false}}]}}