{"data":{"id":0,"uuid":"87b68c4d-322c-428e-8bf3-d0be4f5481f5","enabled":true,"debug":false,"icon":"image/","name":"Greek quiz","subtitle":"As we are in Athens for the final event of PLUGGY, some quick questions about Greece.","description":"As we are in Athens for the final event of PLUGGY, some quick questions about Greece.","duration":0,"place":"","geocoord":{"latitude":"0","longitude":"0","range":"0"},"visible":true,"private":false,"trials":[{"id":1,"type":"quiz","name":"Quiz 1","description":"Apollo, the God of the Sun of all arts, was the son of whom?","score":100,"options":{"quiz":{"photo":"image/1.jpg","question":"Apollo, the God of the Sun of all arts, was the son of whom?","answer":["Zeus and Leto","Poseidon and Artemis","Hades and Persephone","Cronus and Rhea"],"casesensitive":false}},"activated":{"invisible":false,"onstart":true,"ontimer":0,"onscore":0,"onqrcode":""},"aftercomplete":{"moreinfo":"","eventcompleted":false,"activate":"","hidden":"1","specialefx":"","execute":"2","qrcollectionclear":false},"afterfailed":{"moreinfo":"Your answer is not correct. Try once more!","eventfailed":false,"activate":"","hidden":"1","specialefx":"","execute":"8","score":0,"qrcollectionclear":false}},{"id":8,"type":"quiz","name":"Quiz 1 Again","description":"Apollo, the God of the Sun of all arts, was the son of whom?","score":30,"options":{"quiz":{"photo":"image/8.jpg","question":"Apollo, the God of the Sun of all arts, was the son of whom?","answer":["Zeus and Leto","Poseidon and Artemis","Hades and Persephone"],"casesensitive":false}},"aftercomplete":{"moreinfo":"","eventcompleted":false,"activate":"","hidden":"1","specialefx":"","execute":"2","qrcollectionclear":false},"afterfailed":{"moreinfo":"","eventfailed":false,"activate":"","hidden":"1","specialefx":"","execute":"2","score":0,"qrcollectionclear":false}},{"id":2,"type":"quiz","name":"Quiz 2","description":"The Parthenon, renowned temple at the Acropolis in Athens and one of the The Seven Wonders of the World , is attributed to a famous sculpture. Whom?","score":100,"options":{"quiz":{"photo":"image/2.jpg","question":"The Parthenon, renowned temple at the Acropolis in Athens and one of the The Seven Wonders of the World , is attributed to a famous sculpture. Whom?","answer":["Fidia","Lisippo","Prassitele","Callimaco"],"casesensitive":false}},"aftercomplete":{"moreinfo":"","eventcompleted":false,"activate":"","hidden":"2","specialefx":"","execute":"3","qrcollectionclear":false},"afterfailed":{"moreinfo":"Your answer is not correct. Try once more!","eventfailed":false,"activate":"","hidden":"2","specialefx":"","execute":"9","score":0,"qrcollectionclear":false}},{"id":9,"type":"quiz","name":"Quiz 2 Again","description":"The Parthenon, renowned temple at the Acropolis in Athens and one of the The Seven Wonders of the World , is attributed to a famous sculpture. Whom?","score":30,"options":{"quiz":{"photo":"image/9.jpg","question":"The Parthenon, renowned temple at the Acropolis in Athens and one of the The Seven Wonders of the World , is attributed to a famous sculpture. Whom?","answer":["Fidia","Lisippo","Prassitele"],"casesensitive":false}},"aftercomplete":{"moreinfo":"","eventcompleted":false,"activate":"","hidden":"2","specialefx":"","execute":"3","qrcollectionclear":false},"afterfailed":{"moreinfo":"","eventfailed":false,"activate":"","hidden":"2","specialefx":"","execute":"3","score":0,"qrcollectionclear":false}},{"id":3,"type":"quiz","name":"Quiz 3","description":"In antiquity, the Olympic Games, born in Greece, were held for how many editions?","score":100,"options":{"quiz":{"photo":"image/3.jpg","question":"In antiquity, the Olympic Games, born in Greece, were held for how many editions?","answer":["292","164","44","88"],"casesensitive":false}},"aftercomplete":{"moreinfo":"","eventcompleted":false,"activate":"","hidden":"3","specialefx":"","execute":"4","qrcollectionclear":false},"afterfailed":{"moreinfo":"Your answer is not correct. Try once more!","eventfailed":false,"activate":"","hidden":"3","specialefx":"","execute":"10","score":0,"qrcollectionclear":false}},{"id":10,"type":"quiz","name":"Quiz 3 Again","description":"In antiquity, the Olympic Games, born in Greece, were held for how many editions?","score":30,"options":{"quiz":{"photo":"image/10.jpg","question":"In antiquity, the Olympic Games, born in Greece, were held for how many editions?","answer":["292","164","44"],"casesensitive":false}},"aftercomplete":{"moreinfo":"","eventcompleted":false,"activate":"","hidden":"3","specialefx":"","execute":"4","qrcollectionclear":false},"afterfailed":{"moreinfo":"","eventfailed":false,"activate":"","hidden":"3","specialefx":"","execute":"4","score":0,"qrcollectionclear":false}},{"id":4,"type":"quiz","name":"Quiz 4","description":"The Mount Olympus is the highest mountain in Greece. Do you know its exact altitude?","score":100,"options":{"quiz":{"photo":"image/4.jpg","question":"The Mount Olympus is the highest mountain in Greece. Do you know its exact altitude?","answer":["2917 m","3001 m","2556 m","2890 m"],"casesensitive":false}},"aftercomplete":{"moreinfo":"","eventcompleted":false,"activate":"","hidden":"4","specialefx":"","execute":"5","qrcollectionclear":false},"afterfailed":{"moreinfo":"Your answer is not correct. Try once more!","eventfailed":false,"activate":"","hidden":"4","specialefx":"","execute":"11","score":0,"qrcollectionclear":false}},{"id":11,"type":"quiz","name":"Quiz 4 Again","description":"The Mount Olympus is the highest mountain in Greece. Do you know its exact altitude?","score":30,"options":{"quiz":{"photo":"image/11.jpg","question":"The Mount Olympus is the highest mountain in Greece. Do you know its exact altitude?","answer":["2917 m","3001 m","2556 m"],"casesensitive":false}},"aftercomplete":{"moreinfo":"","eventcompleted":false,"activate":"","hidden":"4","specialefx":"","execute":"5","qrcollectionclear":false},"afterfailed":{"moreinfo":"","eventfailed":false,"activate":"","hidden":"4","specialefx":"","execute":"5","score":0,"qrcollectionclear":false}},{"id":5,"type":"quiz","name":"Quiz 5","description":"What is the Omphalos?","score":100,"options":{"quiz":{"photo":"image/5.jpg","question":"What is the Omphalos?","answer":["An holy stone, preserved ad the Apollus Temple in Delphi","A monument representing an Athenian politician","A legislative code","A public building"],"casesensitive":false}},"aftercomplete":{"moreinfo":"","eventcompleted":false,"activate":"","hidden":"5","specialefx":"","execute":"6","qrcollectionclear":false},"afterfailed":{"moreinfo":"Your answer is not correct. Try once more!","eventfailed":false,"activate":"","hidden":"5","specialefx":"","execute":"12","score":0,"qrcollectionclear":false}},{"id":12,"type":"quiz","name":"Quiz 5 Again","description":"What is the Omphalos?","score":30,"options":{"quiz":{"photo":"image/12.jpg","question":"What is the Omphalos?","answer":["An holy stone, preserved ad the Apollus Temple in Delphi","A monument representing an Athenian politician","A legislative code"],"casesensitive":false}},"aftercomplete":{"moreinfo":"","eventcompleted":false,"activate":"","hidden":"5","specialefx":"","execute":"6","qrcollectionclear":false},"afterfailed":{"moreinfo":"","eventfailed":false,"activate":"","hidden":"5","specialefx":"","execute":"6","score":0,"qrcollectionclear":false}},{"id":6,"type":"quiz","name":"Quiz 6","description":"Which ancient great Greek artist wrote the epic poem Iliad?","score":100,"options":{"quiz":{"photo":"image/6.jpg","question":"Which ancient great Greek artist wrote the epic poem Iliad?","answer":["Homer","Hesiod","Aristophanes","Plutarch"],"casesensitive":false}},"aftercomplete":{"moreinfo":"","eventcompleted":false,"activate":"","hidden":"6","specialefx":"","execute":"7","qrcollectionclear":false},"afterfailed":{"moreinfo":"Your answer is not correct. Try once more!","eventfailed":false,"activate":"","hidden":"6","specialefx":"","execute":"13","score":0,"qrcollectionclear":false}},{"id":13,"type":"quiz","name":"Quiz 6 Again","description":"Which ancient great Greek artist wrote the epic poem Iliad?","score":30,"options":{"quiz":{"photo":"image/13.jpg","question":"Which ancient great Greek artist wrote the epic poem Iliad?","answer":["Homer","Hesiod","Aristophanes"],"casesensitive":false}},"aftercomplete":{"moreinfo":"","eventcompleted":false,"activate":"","hidden":"6","specialefx":"","execute":"7","qrcollectionclear":false},"afterfailed":{"moreinfo":"","eventfailed":false,"activate":"","hidden":"6","specialefx":"","execute":"7","score":0,"qrcollectionclear":false}},{"id":7,"type":"info","name":"The game was completed","description":"The game was completed, we wait for you for the next challenges!","score":0,"options":{"url_photo":"image/7.jpg"},"aftercomplete":{"moreinfo":"","eventcompleted":true,"activate":"","hidden":"","specialefx":"","execute":"","qrcollectionclear":false}}]}}