{"data":{"id":0,"uuid":"d4321822-9fb1-4274-8515-c16a37b22950","enabled":true,"debug":false,"icon":"image/","name":"Animals Cartoon (for Kids)","subtitle":"A challenge to recognize animals.","description":"Can you recognize animals in cartoons style?","duration":0,"place":"","geocoord":{"latitude":"0","longitude":"0","range":"0"},"visible":true,"private":false,"trials":[{"id":1,"type":"slidingpuzzle","name":"Puzzle","description":"Reconstruct the animal puzzle","score":250,"options":{"puzzle":{"photo":"image/1.jpg","pieces":9}},"activated":{"invisible":false,"onstart":true,"ontimer":0,"onscore":0,"onqrcode":""},"aftercomplete":{"moreinfo":"","eventcompleted":false,"activate":"","hidden":"1","specialefx":"","execute":"2","qrcollectionclear":false},"afterfailed":{"moreinfo":"","eventfailed":false,"activate":"","hidden":"1","specialefx":"","execute":"3","score":0,"qrcollectionclear":false}},{"id":2,"type":"quiz","name":"What's the animal's name in the picture?","description":"What's the animal's name in the picture?","score":100,"options":{"quiz":{"photo":"image/2.jpg","question":"What's the animal's name in the picture?","answer":["Owl","Chicken","Eagle","Falcon"],"casesensitive":false}},"aftercomplete":{"moreinfo":"","eventcompleted":false,"activate":"","hidden":"2","specialefx":"","execute":"3","qrcollectionclear":false},"afterfailed":{"moreinfo":"","eventfailed":false,"activate":"","hidden":"2","specialefx":"","execute":"3","score":0,"qrcollectionclear":false}},{"id":3,"type":"slidingpuzzle","name":"Puzzle","description":"Reconstruct the animal puzzle","score":250,"options":{"puzzle":{"photo":"image/3.jpg","pieces":9}},"aftercomplete":{"moreinfo":"","eventcompleted":false,"activate":"","hidden":"3","specialefx":"","execute":"4","qrcollectionclear":false},"afterfailed":{"moreinfo":"","eventfailed":false,"activate":"","hidden":"3","specialefx":"","execute":"5","score":0,"qrcollectionclear":false}},{"id":4,"type":"quiz","name":"What's the animal's name in the picture?","description":"What's the animal's name in the picture?","score":100,"options":{"quiz":{"photo":"image/4.jpg","question":"What's the animal's name in the picture?","answer":["Rabbit","Hamster","Cat","Dog"],"casesensitive":false}},"aftercomplete":{"moreinfo":"","eventcompleted":false,"activate":"","hidden":"4","specialefx":"","execute":"5","qrcollectionclear":false},"afterfailed":{"moreinfo":"","eventfailed":false,"activate":"","hidden":"4","specialefx":"","execute":"5","score":0,"qrcollectionclear":false}},{"id":5,"type":"slidingpuzzle","name":"Puzzle","description":"Reconstruct the animal puzzle","score":250,"options":{"puzzle":{"photo":"image/5.jpg","pieces":9}},"aftercomplete":{"moreinfo":"","eventcompleted":false,"activate":"","hidden":"5","specialefx":"","execute":"6","qrcollectionclear":false},"afterfailed":{"moreinfo":"","eventfailed":false,"activate":"","hidden":"5","specialefx":"","execute":"7","score":0,"qrcollectionclear":false}},{"id":6,"type":"quiz","name":"What's the animal's name in the picture?","description":"What's the animal's name in the picture?","score":100,"options":{"quiz":{"photo":"image/6.jpg","question":"What's the animal's name in the picture?","answer":["Panda","Bear","Fox","Koala"],"casesensitive":false}},"aftercomplete":{"moreinfo":"","eventcompleted":false,"activate":"","hidden":"6","specialefx":"","execute":"7","qrcollectionclear":false},"afterfailed":{"moreinfo":"","eventfailed":false,"activate":"","hidden":"6","specialefx":"","execute":"7","score":0,"qrcollectionclear":false}},{"id":7,"type":"slidingpuzzle","name":"Puzzle","description":"Reconstruct the animal puzzle","score":250,"options":{"puzzle":{"photo":"image/7.jpg","pieces":9}},"aftercomplete":{"moreinfo":"","eventcompleted":false,"activate":"","hidden":"7","specialefx":"","execute":"8","qrcollectionclear":false},"afterfailed":{"moreinfo":"","eventfailed":false,"activate":"","hidden":"7","specialefx":"","execute":"9","score":0,"qrcollectionclear":false}},{"id":8,"type":"quiz","name":"What's the animal's name in the picture?","description":"What's the animal's name in the picture?","score":100,"options":{"quiz":{"photo":"image/8.jpg","question":"What's the animal's name in the picture?","answer":["Lion","Giraffe","Crocodile","Fox"],"casesensitive":false}},"aftercomplete":{"moreinfo":"","eventcompleted":false,"activate":"","hidden":"8","specialefx":"","execute":"9","qrcollectionclear":false},"afterfailed":{"moreinfo":"","eventfailed":false,"activate":"","hidden":"8","specialefx":"","execute":"9","score":0,"qrcollectionclear":false}},{"id":9,"type":"info","name":"Game Completed","description":"The game was completed, we wait for you for the next challenges!","score":0,"options":{"url_photo":"image/9.jpg"}}]}}