{"data":{"id":0,"uuid":"f384b72a-164a-4fdb-a051-f9ca82c765c9","enabled":true,"debug":false,"icon":"","name":"The messenger of the lake","subtitle":"The messenger of the lake","description":"Welcome to the Environment Museum of Stymphalia, of the Piraeus Bank Group’s Cultural Foundation. Discover our exhbition through 16 questions and save the lake.During the mission there will be questions. ","duration":0,"place":"","geocoord":{"latitude":"0","longitude":"0","range":"0"},"visible":true,"private":false,"trials":[{"id":1,"type":"info","name":"The messenger of the lake","description":"Welcome to the Environment Museum of Stymphalia, of the Piraeus Bank Group’s Cultural Foundation. Discover our exhbition through 16 questions and save the lake.During the mission there will be questions. You can answer each one of them with the help of texts, objects or spaces in the Museum. You will be asked to pass through trials (such as answering multiple-choice questions, typing \"key words\", taking pictures etc.).You may start! Good luck on your mission!","score":0,"options":{},"activated":{"invisible":false,"onstart":true,"ontimer":0,"onscore":0,"onqrcode":""},"aftercomplete":{"moreinfo":"","eventcompleted":false,"activate":"","hidden":"1","specialefx":"","execute":"2","qrcollectionclear":false}},{"id":2,"type":"info","name":"Stymphalia! Our grandparents' village!","description":"Stymphalia! Our grandparents' village! The same longing each time you come back here! To see the lake! To hear the sound of the waves among the reeds! To listen to birds, frogs, insects!","score":0,"options":{"url_photo":"2.jpg"},"aftercomplete":{"moreinfo":"","eventcompleted":false,"activate":"","hidden":"2","specialefx":"","execute":"3","qrcollectionclear":false}},{"id":3,"type":"info","name":"Yet, suddenly, you hear a different sound!","description":"Yet, suddenly, you hear a different sound! You spot a figure moving behind the reeds. It's a man dressed in a white tunic fastened with a clasp on his right shoulder. He's holding a reed as a rod.","score":0,"options":{"url_photo":"3.jpg"},"aftercomplete":{"moreinfo":"","eventcompleted":false,"activate":"","hidden":"3","specialefx":"","execute":"4","qrcollectionclear":false}},{"id":4,"type":"info","name":"You still cannot believe this is happening","description":"You still cannot believe this is happening… And yet, reality becomes enmeshed with mythology, in a sequence of surprises. You are facing Stymphalos, the mythical king of the area, son of Elatos and Laodice!  You ask him if he needs help ... \"Not me\" he answers... \"the lake! Man's relationships with nature has been disrupted. A relationship that kept the lake of Stymphalia and the area around it almost unchanged for centuries…. The balance has been disrupted.  You will be my messenger, the emissary of the lake! And you will take our message throughout the whole world...There is large building on the shore of the lake, they call it \"Museum\". It has a wealth of information about the lake and its history, its environment, the people who lived here and their activities. Go and find out as much as you can...","score":0,"options":{"url_photo":"4.jpg"},"aftercomplete":{"moreinfo":"","eventcompleted":false,"activate":"","hidden":"4","specialefx":"","execute":"5","qrcollectionclear":false}},{"id":5,"type":"info","name":"And suddenly, this man disappeared through","description":"And suddenly, this man disappeared through the dense thickets of reeds exactly as he had appeared ... Its' true! You met King Stymphalos... And he gave you an important mission, just as King Eurystheus to Hercules! Follow the instructions and begin your own adventure!","score":0,"options":{},"aftercomplete":{"moreinfo":"","eventcompleted":false,"activate":"","hidden":"5","specialefx":"","execute":"6","qrcollectionclear":false}},{"id":6,"type":"info","name":"First you must learn about the land and the waters of Stymphalia.","description":"Go to the starting point of the exhibition and find the model that presents the erosion process of the rocks in the area, leading to the formation of the lake. Pass in front of the   limestone to start the rain! Water flows slowly and erodes steadily the rocks, passes through them and ends up in the lower levels where it creates the lake. Take a picture of the model with your cell phone so that you remember water's central role in the shaping of the landscape.","score":0,"options":{},"aftercomplete":{"moreinfo":"","eventcompleted":false,"activate":"","hidden":"6","specialefx":"","execute":"7","qrcollectionclear":false}},{"id":7,"type":"quiz","name":"What is \"Karst erosion\"?","description":"","score":100,"options":{"quiz":{"question":"What is \"Karst erosion\"?","answer":["The erosion of limestone by rainwater","Chemistry term describing the process of interaction between two liquids","The migration of birds"],"casesensitive":false}},"aftercomplete":{"moreinfo":"","eventcompleted":false,"activate":"","hidden":"7","specialefx":"","execute":"9","qrcollectionclear":false},"afterfailed":{"moreinfo":"","eventfailed":false,"activate":"","hidden":"7","specialefx":"","execute":"8","score":0,"qrcollectionclear":false}},{"id":8,"type":"quiz","name":"What is \"Karst erosion\"?","description":"","score":50,"options":{"quiz":{"question":"What is \"Karst erosion\"?","answer":["The erosion of limestone by rainwater","Chemistry term describing the process of interaction between two liquids","The migration of birds"],"casesensitive":false}},"aftercomplete":{"moreinfo":"","eventcompleted":false,"activate":"","hidden":"8","specialefx":"","execute":"9","qrcollectionclear":false},"afterfailed":{"moreinfo":"","eventfailed":false,"activate":"","hidden":"8","specialefx":"","execute":"9","score":0,"qrcollectionclear":false}},{"id":9,"type":"info","name":"Right!","description":"Right! But don't go before seeing the display case opposite, with the most representative rocks of the area.","score":0,"options":{"url_photo":"9.jpg"},"aftercomplete":{"moreinfo":"","eventcompleted":false,"activate":"","hidden":"9","specialefx":"","execute":"10","qrcollectionclear":false}},{"id":10,"type":"quiz","name":"Tripoli Zone","description":"Approach the most recent rock from the \"Tripoli Zone\". Can you discern the origin of the fossils you see? Choose the right answer:","score":100,"options":{"quiz":{"question":"Approach the most recent rock from the \"Tripoli Zone\". Can you discern the origin of the fossils you see? Choose the right answer:","answer":["They are fossilised animals","They are fossilised grain seeds","They are seashells"],"casesensitive":false}},"aftercomplete":{"moreinfo":"They are nummulites which, although fossilised animals, do exactly the same as plants in nature! They transform carbon to oxygen.","eventcompleted":false,"activate":"","hidden":"10","specialefx":"","execute":"12","qrcollectionclear":false},"afterfailed":{"moreinfo":"","eventfailed":false,"activate":"","hidden":"10","specialefx":"","execute":"11","score":0,"qrcollectionclear":false}},{"id":11,"type":"quiz","name":"Tripoli Zone","description":"Approach the most recent rock from the \"Tripoli Zone\". Can you discern the origin of the fossils you see? Choose the right answer:","score":50,"options":{"quiz":{"question":"Approach the most recent rock from the \"Tripoli Zone\". Can you discern the origin of the fossils you see? Choose the right answer:","answer":["They are fossilised animals","They are fossilised grain seeds","They are seashells"],"casesensitive":false}},"aftercomplete":{"moreinfo":"They are nummulites which, although fossilised animals, do exactly the same as plants in nature! They transform carbon to oxygen.","eventcompleted":false,"activate":"","hidden":"11","specialefx":"","execute":"12","qrcollectionclear":false},"afterfailed":{"moreinfo":"","eventfailed":false,"activate":"","hidden":"11","specialefx":"","execute":"12","score":0,"qrcollectionclear":false}},{"id":12,"type":"info","name":"Geological formations in the area of Stymphalia","description":"Now follow the course of the exhibition and find the model with the audiovisual application titled \"Geological formations in the area of Stymphalia\".","score":0,"options":{"url_photo":"12.jpg"},"aftercomplete":{"moreinfo":"","eventcompleted":false,"activate":"","hidden":"12","specialefx":"","execute":"13","qrcollectionclear":false}},{"id":13,"type":"quiz","name":"Lake Stymphalia","description":"To move on, you have to answer the following question:Lake Stymphalia is:","score":100,"options":{"quiz":{"question":"To move on, you have to answer the following question, Lake Stymphalia is:","answer":["A natural lake","Lagoon","A reservoir"],"casesensitive":false}},"aftercomplete":{"moreinfo":"Lake Stymphalia is the only natural lake in the mountain area of Corinthia","eventcompleted":false,"activate":"","hidden":"13","specialefx":"","execute":"15","qrcollectionclear":false},"afterfailed":{"moreinfo":"","eventfailed":false,"activate":"","hidden":"13","specialefx":"","execute":"14","score":0,"qrcollectionclear":false}},{"id":14,"type":"quiz","name":"Lake Stymphalia","description":"To move on, you have to answer the following question:Lake Stymphalia is:","score":50,"options":{"quiz":{"question":"To move on, you have to answer the following question, Lake Stymphalia is:","answer":["A natural lake","Lagoon","A reservoir"],"casesensitive":false}},"aftercomplete":{"moreinfo":"Lake Stymphalia is the only natural lake in the mountain area of Corinthia","eventcompleted":false,"activate":"","hidden":"14","specialefx":"","execute":"15","qrcollectionclear":false},"afterfailed":{"moreinfo":"","eventfailed":false,"activate":"","hidden":"14","specialefx":"","execute":"15","score":0,"qrcollectionclear":false}},{"id":15,"type":"info","name":"Did you know that ever since Antiquity","description":"Did you know that ever since Antiquity there had been efforts to manage the waters of the lake with the construction of large engineering projects?","score":0,"options":{},"aftercomplete":{"moreinfo":"","eventcompleted":false,"activate":"","hidden":"15","specialefx":"","execute":"16","qrcollectionclear":false}},{"id":16,"type":"quiz","name":"Which Roman emperor ordered","description":"Which Roman emperor ordered the construction of the largest one in the area in order to ensure water supply for the fountains and the bathhouses of ancient Corinth?","score":100,"options":{"quiz":{"question":"Which Roman emperor ordered the construction of the largest one in the area in order to ensure water supply for the fountains and the bathhouses of ancient Corinth?","answer":["Hadrian","Caracalla","Nero"],"casesensitive":false}},"aftercomplete":{"moreinfo":"Emperor Hadrian, a short while before his death, constructed Hadrian's Aqueduct to ensure water supply for the city of Corinth.","eventcompleted":false,"activate":"","hidden":"16","specialefx":"","execute":"18","qrcollectionclear":false},"afterfailed":{"moreinfo":"","eventfailed":false,"activate":"","hidden":"16","specialefx":"","execute":"17","score":0,"qrcollectionclear":false}},{"id":17,"type":"quiz","name":"Which Roman emperor ordered","description":"Which Roman emperor ordered the construction of the largest one in the area in order to ensure water supply for the fountains and the bathhouses of ancient Corinth?","score":50,"options":{"quiz":{"question":"Which Roman emperor ordered the construction of the largest one in the area in order to ensure water supply for the fountains and the bathhouses of ancient Corinth?","answer":["Hadrian","Caracalla","Nero"],"casesensitive":false}},"aftercomplete":{"moreinfo":"Emperor Hadrian, a short while before his death, constructed Hadrian's Aqueduct to ensure water supply for the city of Corinth.","eventcompleted":false,"activate":"","hidden":"17","specialefx":"","execute":"18","qrcollectionclear":false},"afterfailed":{"moreinfo":"","eventfailed":false,"activate":"","hidden":"17","specialefx":"","execute":"18","score":0,"qrcollectionclear":false}},{"id":18,"type":"info","name":"Hadrian's Aqueduct","description":"Now find the cross-section of Hadrian's Aqueduct and watch the digital film that presents reconstructions of some sections.","score":0,"options":{"url_photo":"18.jpg"},"aftercomplete":{"moreinfo":"","eventcompleted":false,"activate":"","hidden":"18","specialefx":"","execute":"19","qrcollectionclear":false}},{"id":19,"type":"info","name":"The plants, the animals and the people in Lake Stymphalia.","description":"Now is the time for you to learn about the plants, the animals and the people in Lake Stymphalia.First you have to visit the model under the glass floor, presenting traces of mammals in the area.","score":0,"options":{},"aftercomplete":{"moreinfo":"","eventcompleted":false,"activate":"","hidden":"19","specialefx":"","execute":"20","qrcollectionclear":false}},{"id":20,"type":"quiz","name":"The small footprints","description":"Can you find which animal has left the small footprints on the right side of the model? They indicate quick pace by a small animal, which you can locate in the pictures on the left side wall in the exhibition unit:","score":100,"options":{"quiz":{"question":"Can you find which animal has left the small footprints on the right side of the model? They indicate quick pace by a small animal, which you can locate in the pictures on the left side wall in the exhibition unit:","answer":["Hedgehog","Badger","Wild boar","Hare"],"casesensitive":false}},"aftercomplete":{"moreinfo":"","eventcompleted":false,"activate":"","hidden":"20","specialefx":"","execute":"22","qrcollectionclear":false},"afterfailed":{"moreinfo":"","eventfailed":false,"activate":"","hidden":"20","specialefx":"","execute":"21","score":0,"qrcollectionclear":false}},{"id":21,"type":"quiz","name":"The small footprints","description":"Can you find which animal has left the small footprints on the right side of the model? They indicate quick pace by a small animal, which you can locate in the pictures on the left side wall in the exhibition unit:","score":50,"options":{"quiz":{"question":"Can you find which animal has left the small footprints on the right side of the model? They indicate quick pace by a small animal, which you can locate in the pictures on the left side wall in the exhibition unit:","answer":["Hedgehog","Badger","Wild boar","Hare"],"casesensitive":false}},"aftercomplete":{"moreinfo":"","eventcompleted":false,"activate":"","hidden":"21","specialefx":"","execute":"22","qrcollectionclear":false},"afterfailed":{"moreinfo":"","eventfailed":false,"activate":"","hidden":"21","specialefx":"","execute":"22","score":0,"qrcollectionclear":false}},{"id":22,"type":"info","name":"King Stymphalos","description":"After all King Stymphalos made a good choice! But remember, you still have a lot to learn about the area of the lake, and there's so little time...Continue your visit to the Museum following the course of the exhibition.","score":0,"options":{},"aftercomplete":{"moreinfo":"","eventcompleted":false,"activate":"","hidden":"22","specialefx":"","execute":"23","qrcollectionclear":false}},{"id":23,"type":"info","name":"Fishing in the Lake","description":"See the real-size cross-section of the lake, climb carefully on a boat and make time to watch the short film title \"Fishing in the Lake\". After it's over, take a selfie with your cell phone to show that you are in the lake itself. At the aquarium you will find the two kinds of fish that live in the lake. Find them on the table title \"The Habitat of the Lake\", which you saw in the end of the first exhibition unit.","score":0,"options":{"url_photo":"23.jpg"},"aftercomplete":{"moreinfo":"","eventcompleted":false,"activate":"","hidden":"23","specialefx":"","execute":"24","qrcollectionclear":false}},{"id":24,"type":"quiz","name":"What kinds of fish can be found in the aquarium?","description":"What kinds of fish can be found in the aquarium?","score":100,"options":{"quiz":{"question":"What kinds of fish can be found in the aquarium?","answer":["Salmon and trout","Perch and smelt","Carp and Stymphalian minnow"],"casesensitive":false}},"aftercomplete":{"moreinfo":"","eventcompleted":false,"activate":"","hidden":"24","specialefx":"","execute":"26","qrcollectionclear":false},"afterfailed":{"moreinfo":"","eventfailed":false,"activate":"","hidden":"24","specialefx":"","execute":"25","score":0,"qrcollectionclear":false}},{"id":25,"type":"quiz","name":"What kinds of fish can be found in the aquarium?","description":"What kinds of fish can be found in the aquarium?","score":50,"options":{"quiz":{"question":"What kinds of fish can be found in the aquarium?","answer":["Salmon and trout","Perch and smelt","Carp and Stymphalian minnow"],"casesensitive":false}},"aftercomplete":{"moreinfo":"","eventcompleted":false,"activate":"","hidden":"25","specialefx":"","execute":"26","qrcollectionclear":false},"afterfailed":{"moreinfo":"","eventfailed":false,"activate":"","hidden":"25","specialefx":"","execute":"26","score":0,"qrcollectionclear":false}},{"id":26,"type":"info","name":"Carp has been introduced to the lake","description":"Very good! Carp has been introduced to the lake in order to be fished. Stymphalian minnows are endemic and able to survive even in periods of drought because they sink into the mud and continue to live.","score":0,"options":{"url_photo":"26.jpg"},"aftercomplete":{"moreinfo":"","eventcompleted":false,"activate":"","hidden":"26","specialefx":"","execute":"27","qrcollectionclear":false}},{"id":27,"type":"quiz","name":"Crowding the baliza","description":"Before you move on, find information about \"Crowding the baliza\" and give the right answer about it:","score":100,"options":{"quiz":{"question":"Before you move on, find information about \"Crowding the baliza\" and give the right answer about it:","answer":["A form of hunting in the area","Traditional dance","Trade deal in mountainous Corinthia"],"casesensitive":false}},"aftercomplete":{"moreinfo":"Each November, usually, the coot (baliza), the most common bird of those wintering in Lake Stymphalia, was hunted by groups in boats.","eventcompleted":false,"activate":"","hidden":"27","specialefx":"","execute":"29","qrcollectionclear":false},"afterfailed":{"moreinfo":"","eventfailed":false,"activate":"","hidden":"27","specialefx":"","execute":"28","score":0,"qrcollectionclear":false}},{"id":28,"type":"quiz","name":"Crowding the baliza","description":"Before you move on, find information about \"Crowding the baliza\" and give the right answer about it:","score":50,"options":{"quiz":{"question":"Before you move on, find information about \"Crowding the baliza\" and give the right answer about it:","answer":["A form of hunting in the area","Traditional dance","Trade deal in mountainous Corinthia"],"casesensitive":false}},"aftercomplete":{"moreinfo":"Each November, usually, the coot (baliza), the most common bird of those wintering in Lake Stymphalia, was hunted by groups in boats.","eventcompleted":false,"activate":"","hidden":"28","specialefx":"","execute":"29","qrcollectionclear":false},"afterfailed":{"moreinfo":"","eventfailed":false,"activate":"","hidden":"28","specialefx":"","execute":"29","score":0,"qrcollectionclear":false}},{"id":29,"type":"quiz","name":"Is hunting in the lake allowed today?","description":"Is hunting in the lake allowed today?","score":100,"options":{"quiz":{"question":"Is hunting in the lake allowed today?","answer":["No, it has been banned","Yes but only in the summer months","It's allowed throughout the year"],"casesensitive":false}}},{"id":30,"type":"quiz","name":"Is hunting in the lake allowed today?","description":"Is hunting in the lake allowed today?","score":50,"options":{"quiz":{"question":"Is hunting in the lake allowed today?","answer":["No, it has been banned","Yes but only in the summer months","It's allowed throughout the year"],"casesensitive":false}}},{"id":31,"type":"quiz","name":"Which of the following is unrelated to the rest?","description":"And another question, since you are doing so well. Which of the following is unrelated to the rest?","score":100,"options":{"quiz":{"question":"And another question, since you are doing so well. Which of the following is unrelated to the rest?","answer":["Plough","Gondola","Dugout boat"],"casesensitive":false}},"aftercomplete":{"moreinfo":"You are near the end of your trials and soon you will win the title of the "emissary" of the lake! About the plough, you can learn more in the next unit.","eventcompleted":false,"activate":"","hidden":"31","specialefx":"","execute":"33","qrcollectionclear":false},"afterfailed":{"moreinfo":"","eventfailed":false,"activate":"","hidden":"31","specialefx":"","execute":"32","score":0,"qrcollectionclear":false}},{"id":32,"type":"quiz","name":"Which of the following is unrelated to the rest?","description":"And another question, since you are doing so well. Which of the following is unrelated to the rest?","score":100,"options":{"quiz":{"question":"And another question, since you are doing so well. Which of the following is unrelated to the rest?","answer":["Plough","Gondola","Dugout boat"],"casesensitive":false}},"aftercomplete":{"moreinfo":"You are near the end of your trials and soon you will win the title of the "emissary" of the lake! About the plough, you can learn more in the next unit.","eventcompleted":false,"activate":"","hidden":"32","specialefx":"","execute":"33","qrcollectionclear":false},"afterfailed":{"moreinfo":"","eventfailed":false,"activate":"","hidden":"32","specialefx":"","execute":"33","score":0,"qrcollectionclear":false}},{"id":33,"type":"info","name":"Agricultural Activities","description":"Now you are in the exhibition unit titled \"Agricultural Activities\". Everything is familiar because your grandfather is a farmer, and your childhood is filled with images of fields and cultivations. So you must find the next questions quite easy.","score":0,"options":{},"aftercomplete":{"moreinfo":"","eventcompleted":false,"activate":"","hidden":"33","specialefx":"","execute":"34","qrcollectionclear":false}},{"id":34,"type":"quiz","name":"Which products are cultivated traditionally in this area?","description":"Which products are cultivated traditionally in this area?","score":100,"options":{"quiz":{"question":"Which products are cultivated traditionally in this area?","answer":["Grains and vines","Corn and potatoes","Gum mastic and apples"],"casesensitive":false}},"aftercomplete":{"moreinfo":"Other than grains and vines, the cultivation of outdoor tomatoes during the summer months has also been developing in the last few years.","eventcompleted":false,"activate":"","hidden":"34","specialefx":"","execute":"36","qrcollectionclear":false},"afterfailed":{"moreinfo":"","eventfailed":false,"activate":"","hidden":"34","specialefx":"","execute":"35","score":0,"qrcollectionclear":false}},{"id":35,"type":"quiz","name":"Which products are cultivated traditionally in this area?","description":"Which products are cultivated traditionally in this area?","score":50,"options":{"quiz":{"question":"Which products are cultivated traditionally in this area?","answer":["Grains and vines","Corn and potatoes","Gum mastic and apples"],"casesensitive":false}},"aftercomplete":{"moreinfo":"Other than grains and vines, the cultivation of outdoor tomatoes during the summer months has also been developing in the last few years.","eventcompleted":false,"activate":"","hidden":"35","specialefx":"","execute":"36","qrcollectionclear":false},"afterfailed":{"moreinfo":"","eventfailed":false,"activate":"","hidden":"35","specialefx":"","execute":"36","score":0,"qrcollectionclear":false}},{"id":36,"type":"info","name":"Let's see now what else you know about grains.","description":"Let's see now what else you know about grains. Find the main stages of grain cultivation before production became mechanised.","score":0,"options":{},"aftercomplete":{"moreinfo":"","eventcompleted":false,"activate":"","hidden":"36","specialefx":"","execute":"37","qrcollectionclear":false}},{"id":37,"type":"quiz","name":"What is \"winnowing\"","description":"What is \"winnowing\"","score":100,"options":{"quiz":{"question":"What is \"winnowing\"","answer":["The separation of wheat from chaff","The way we light lamps","The way the boat moves in the water"],"casesensitive":false}},"aftercomplete":{"moreinfo":"","eventcompleted":false,"activate":"","hidden":"37","specialefx":"","execute":"39","qrcollectionclear":false},"afterfailed":{"moreinfo":"","eventfailed":false,"activate":"","hidden":"37","specialefx":"","execute":"38","score":0,"qrcollectionclear":false}},{"id":38,"type":"quiz","name":"What is \"winnowing\"","description":"What is \"winnowing\"","score":50,"options":{"quiz":{"question":"What is \"winnowing\"","answer":["The separation of wheat from chaff","The way we light lamps","The way the boat moves in the water"],"casesensitive":false}},"aftercomplete":{"moreinfo":"","eventcompleted":false,"activate":"","hidden":"38","specialefx":"","execute":"39","qrcollectionclear":false},"afterfailed":{"moreinfo":"","eventfailed":false,"activate":"","hidden":"38","specialefx":"","execute":"39","score":0,"qrcollectionclear":false}},{"id":39,"type":"info","name":"An unknown farmer solved a series of problems","description":"An unknown farmer solved a series of problems during the cultivation of grains with a clever patent that is exhibited in the Museum. He managed to hold more in his arms in order to decrease the number of times he had to cross the field so as to load the cut grain before forming the sheaves. At the same time, he protected his hands from snake bites, since snakes had been hunting for rodents on the grain field. Locate the wooden object that he invented and type its name in the field \"Keyword entry\".","score":0,"options":{},"aftercomplete":{"moreinfo":"","eventcompleted":false,"activate":"","hidden":"39","specialefx":"","execute":"40","qrcollectionclear":false}},{"id":40,"type":"quizopen","name":"Locate the wooden object","description":"Locate the wooden object that he invented and type its name in the field \"Keyword entry\".","score":100,"options":{"quiz":{"question":"Locate the wooden object that he invented and type its name in the field \"Keyword entry\".","answer":["glove,wooden glove"],"casesensitive":false}},"aftercomplete":{"moreinfo":"","eventcompleted":false,"activate":"","hidden":"40","specialefx":"","execute":"42","qrcollectionclear":false},"afterfailed":{"moreinfo":"","eventfailed":false,"activate":"","hidden":"40","specialefx":"","execute":"41","score":0,"qrcollectionclear":false}},{"id":41,"type":"quizopen","name":"Locate the wooden object","description":"Locate the wooden object that he invented and type its name in the field \"Keyword entry\".","score":50,"options":{"quiz":{"question":"Locate the wooden object that he invented and type its name in the field \"Keyword entry\".","answer":["glove,wooden glove"],"casesensitive":false}},"aftercomplete":{"moreinfo":"","eventcompleted":false,"activate":"","hidden":"41","specialefx":"","execute":"42","qrcollectionclear":false},"afterfailed":{"moreinfo":"","eventfailed":false,"activate":"","hidden":"41","specialefx":"","execute":"42","score":0,"qrcollectionclear":false}},{"id":42,"type":"info","name":"It's the wooden glove!","description":"It's the wooden glove!","score":0,"options":{"url_photo":"42.jpg"},"aftercomplete":{"moreinfo":"","eventcompleted":false,"activate":"","hidden":"42","specialefx":"","execute":"43","qrcollectionclear":false}},{"id":43,"type":"info","name":"The end of your visit is near","description":"The end of your visit is near, and the knowledge you have accumulated will make King Stymphalos proud! Yet, you have to explore another exhibition unit: \"Livestock Farming and Apiculture\". Observe the exhibits carefully. Livestock farming has a special role in the lives of the inhabitants in the Stymphalia area, since it is their main occupation, whether exclusive or complementary to agriculture.","score":0,"options":{},"aftercomplete":{"moreinfo":"","eventcompleted":false,"activate":"","hidden":"43","specialefx":"","execute":"44","qrcollectionclear":false}},{"id":44,"type":"quiz","name":"Do you know why the shepherd puts bells on the sheep and goats?","description":"Do you know why the shepherd puts bells on the sheep and goats?","score":100,"options":{"quiz":{"question":"Do you know why the shepherd puts bells on the sheep and goats?","answer":["To locate them and recognise them","To make fun of them","Because it's the new trend in fashion"],"casesensitive":false}},"aftercomplete":{"moreinfo":"the different sounds from the bells help the experienced shepherd to easily identify and quickly locate his flock.","eventcompleted":false,"activate":"","hidden":"44","specialefx":"","execute":"46","qrcollectionclear":false},"afterfailed":{"moreinfo":"","eventfailed":false,"activate":"","hidden":"44","specialefx":"","execute":"45","score":0,"qrcollectionclear":false}},{"id":45,"type":"quiz","name":"Do you know why the shepherd puts bells on the sheep and goats?","description":"Do you know why the shepherd puts bells on the sheep and goats?","score":50,"options":{"quiz":{"question":"Do you know why the shepherd puts bells on the sheep and goats?","answer":["To locate them and recognise them","To make fun of them","Because it's the new trend in fashion"],"casesensitive":false}},"aftercomplete":{"moreinfo":"the different sounds from the bells help the experienced shepherd to easily identify and quickly locate his flock.","eventcompleted":false,"activate":"","hidden":"45","specialefx":"","execute":"46","qrcollectionclear":false},"afterfailed":{"moreinfo":"","eventfailed":false,"activate":"","hidden":"45","specialefx":"","execute":"46","score":0,"qrcollectionclear":false}},{"id":46,"type":"quiz","name":"Do you see a shepherd's cape somewhere","description":"Do you see a shepherd's cape somewhere? Approach and observe. Can you tell its material?","score":100,"options":{"quiz":{"question":"Do you see a shepherd's cape somewhere? Approach and observe. Can you tell its material?","answer":["Goat's hair","Polyester","Unprocessed linen"],"casesensitive":false}},"aftercomplete":{"moreinfo":"","eventcompleted":false,"activate":"","hidden":"46","specialefx":"","execute":"48","qrcollectionclear":false},"afterfailed":{"moreinfo":"","eventfailed":false,"activate":"","hidden":"46","specialefx":"","execute":"47","score":0,"qrcollectionclear":false}},{"id":47,"type":"quiz","name":"Do you see a shepherd's cape somewhere","description":"Do you see a shepherd's cape somewhere? Approach and observe. Can you tell its material?","score":50,"options":{"quiz":{"question":"Do you see a shepherd's cape somewhere? Approach and observe. Can you tell its material?","answer":["Goat's hair","Polyester","Unprocessed linen"],"casesensitive":false}},"aftercomplete":{"moreinfo":"","eventcompleted":false,"activate":"","hidden":"47","specialefx":"","execute":"48","qrcollectionclear":false},"afterfailed":{"moreinfo":"","eventfailed":false,"activate":"","hidden":"47","specialefx":"","execute":"48","score":0,"qrcollectionclear":false}},{"id":48,"type":"info","name":"Goat's hair may not be so soft","description":"Goat's hair may not be so soft as sheep's but it's 100% waterproof and keeps body temperature steady.  The shepherd or shepherdess (the cape that is exhibited is for females) wears the cape throughout the year","score":0,"options":{"url_photo":"48.jpg"},"aftercomplete":{"moreinfo":"","eventcompleted":false,"activate":"","hidden":"48","specialefx":"","execute":"49","qrcollectionclear":false}},{"id":49,"type":"info","name":"Just before the last one","description":"Just before the last one, there is the sub-unit of apiculture. Very popular throughout the Mediterranean and elsewhere! Observe the old-type conical beehives made of woven canes. They are an excellent sample of the art of basket weaving. The beekeeper used to smear the outside of the hive in order to insulate it and protect his bees.","score":0,"options":{"url_photo":"49.jpg"},"aftercomplete":{"moreinfo":"","eventcompleted":false,"activate":"","hidden":"49","specialefx":"","execute":"50","qrcollectionclear":false}},{"id":50,"type":"quiz","name":"Do you know what material he used?","description":"Do you know what material he used?","score":100,"options":{"quiz":{"question":"Do you know what material he used?","answer":["Mud and dung","Lime and straw","Wax and clay"],"casesensitive":false}},"aftercomplete":{"moreinfo":"Mud functioned as an insulator, while the smell of dung kept away the animals who hungered for delicious honey.","eventcompleted":false,"activate":"","hidden":"50","specialefx":"","execute":"52","qrcollectionclear":false},"afterfailed":{"moreinfo":"","eventfailed":false,"activate":"","hidden":"50","specialefx":"","execute":"51","score":0,"qrcollectionclear":false}},{"id":51,"type":"quiz","name":"Do you know what material he used?","description":"Do you know what material he used?","score":50,"options":{"quiz":{"question":"Do you know what material he used?","answer":["Mud and dung","Lime and straw","Wax and clay"],"casesensitive":false}},"aftercomplete":{"moreinfo":"Mud functioned as an insulator, while the smell of dung kept away the animals who hungered for delicious honey.","eventcompleted":false,"activate":"","hidden":"51","specialefx":"","execute":"52","qrcollectionclear":false},"afterfailed":{"moreinfo":"","eventfailed":false,"activate":"","hidden":"51","specialefx":"","execute":"52","score":0,"qrcollectionclear":false}},{"id":52,"type":"info","name":"Transport by Pack Animals","description":"Now you have reached the exhibition unit titled \"Transport by Pack Animals\" and the last question of your mission. There are two different kinds of iron horseshoes for pack animals (horses, donkeys, mules)","score":0,"options":{},"aftercomplete":{"moreinfo":"","eventcompleted":false,"activate":"","hidden":"52","specialefx":"","execute":"53","qrcollectionclear":false}},{"id":53,"type":"quiz","name":"Can you say why?","description":"Can you say why?","score":100,"options":{"quiz":{"question":"Can you say why?","answer":["Because they were used in the mountains and the plains according to the terrain","For variety","Because cats wore them as well"],"casesensitive":false}},"aftercomplete":{"moreinfo":"","eventcompleted":false,"activate":"","hidden":"53","specialefx":"","execute":"55","qrcollectionclear":false},"afterfailed":{"moreinfo":"","eventfailed":false,"activate":"","hidden":"53","specialefx":"","execute":"54","score":0,"qrcollectionclear":false}},{"id":54,"type":"quiz","name":"Can you say why?","description":"Can you say why?","score":50,"options":{"quiz":{"question":"Can you say why?","answer":["Because they were used in the mountains and the plains according to the terrain","For variety","Because cats wore them as well"],"casesensitive":false}},"aftercomplete":{"moreinfo":"","eventcompleted":false,"activate":"","hidden":"54","specialefx":"","execute":"55","qrcollectionclear":false},"afterfailed":{"moreinfo":"","eventfailed":false,"activate":"","hidden":"54","specialefx":"","execute":"55","score":0,"qrcollectionclear":false}},{"id":55,"type":"info","name":"You can officially have the title","description":"You were patient, and through your visit to the Museum, your knowledge about the natural environment of Stymphalia and the primary activities of the inhabitants through the exhibits in the Museum is now complete. You can officially have the title of the \"emissary\" of Lake Stymphalia!","score":0,"options":{},"aftercomplete":{"moreinfo":"","eventcompleted":false,"activate":"","hidden":"55","specialefx":"","execute":"56","qrcollectionclear":false}},{"id":56,"type":"info","name":"King Stymphalos for Lake Stympahlia","description":"Now you can understand the concern of King Stymphalos for Lake Stympahlia and the message that you have to spread: humans and nature are directly connected, they influence each other and determine each other's fate in an intense and dynamic relationship. This is why people should always act with respect and prudence within the framework that is defined by the natural environment itself.This is your legacy from today's visit and these are the riches of the Environment Museum of Stymphalia. And don't forget your duty, to carry the message of these riches wherever you go!","score":0,"options":{},"aftercomplete":{"moreinfo":"","eventcompleted":false,"activate":"","hidden":"56","specialefx":"","execute":"57","qrcollectionclear":false}},{"id":57,"type":"info","name":"Congratulations!","description":"Congratulations! You have completed the game of the Environment Museum of Stymphalia!Script: Piraeus Bank Group Cultural FoundationPhotographs: Piraeus Bank Group Cultural Foundation, N. Daniilidis, T. Kottas, L. Kiourktsoglou","score":0,"options":{"url_photo":"57.jpg"},"aftercomplete":{"moreinfo":"","eventcompleted":true,"activate":"","hidden":"57","specialefx":"","execute":"","qrcollectionclear":false}}]}}