{"data":{"id":0,"uuid":"6b9fb453-089c-41a8-8f82-460de8df95e3","enabled":true,"debug":false,"icon":"package/quizculturalheritage_eng/image/","name":"Cultural Heritage","subtitle":"","description":"Answer questions, each question exact collections 100 points","duration":0,"place":"","geocoord":{"latitude":"0","longitude":"0","range":"0"},"visible":true,"private":false,"trials":[{"id":1,"type":"info","name":"Info","description":"Welcome to Games Hunter's cultural quiezes.For each question exact you collected 100 points.","score":0,"options":{"url_photo":"package/quizculturalheritage_eng/image/1.jpg"},"activated":{"invisible":false,"onstart":true,"ontimer":0,"onscore":0,"onqrcode":""},"aftercomplete":{"moreinfo":"","eventcompleted":false,"activate":"2,3,4,5,6,7,8,9,10,11","hidden":"1","specialefx":"","execute":"","qrcollectionclear":false}},{"id":2,"type":"quiz","name":"Quiz 1","description":"Who among the following famous personalities","score":100,"options":{"quiz":{"photo":"package/quizculturalheritage_eng/image/2.jpg","question":"Who among the following famous personalities, designed the San Pietro Dome, in the Vatican City?","answer":["Michelangelo Buonarroti","Gian Lorenzo Bernini","Filippo Brunelleschi","Francesco Borromini"],"casesensitive":false}},"aftercomplete":{"moreinfo":"","eventcompleted":false,"activate":"","hidden":"2","specialefx":"","execute":"","qrcollectionclear":false},"afterfailed":{"moreinfo":"","eventfailed":false,"activate":"","hidden":"2","specialefx":"","execute":"","score":0,"qrcollectionclear":false}},{"id":3,"type":"quiz","name":"Quiz 2","description":"Which is the most visited museum","score":100,"options":{"quiz":{"photo":"package/quizculturalheritage_eng/image/3.jpg","question":"Which is the most visited museum in the world?","answer":["Louvre Museum, Paris","Vatican Museums, Vatican State","The MET, New York","National Museum of China, Beijing"],"casesensitive":false}},"aftercomplete":{"moreinfo":"","eventcompleted":false,"activate":"","hidden":"3","specialefx":"","execute":"","qrcollectionclear":false},"afterfailed":{"moreinfo":"","eventfailed":false,"activate":"","hidden":"3","specialefx":"","execute":"","score":0,"qrcollectionclear":false}},{"id":4,"type":"quiz","name":"Quiz 3","description":"Which Greek sculptor realized the famous statue","score":100,"options":{"quiz":{"photo":"package/quizculturalheritage_eng/image/4.jpg","question":"Which Greek sculptor realized the famous statue dedicated to Zeus Olympios (one of the seven of the world), nowadays gone lost?","answer":["Fidia","Patrocle","Egia","Damofonte"],"casesensitive":false}},"aftercomplete":{"moreinfo":"","eventcompleted":false,"activate":"","hidden":"4","specialefx":"","execute":"","qrcollectionclear":false},"afterfailed":{"moreinfo":"","eventfailed":false,"activate":"","hidden":"4","specialefx":"","execute":"","score":0,"qrcollectionclear":false}},{"id":5,"type":"quiz","name":"Quiz 4","description":"What is the biggest","score":100,"options":{"quiz":{"photo":"package/quizculturalheritage_eng/image/5.jpg","question":"What is the biggest real residence in Europe?","answer":["La Reggia di Caserta, Italia","L’Hofburg, Austria","La Reggia di Versailles, Francia","Il Castello di Laeken, Belgio"],"casesensitive":false}},"aftercomplete":{"moreinfo":"","eventcompleted":false,"activate":"","hidden":"5","specialefx":"","execute":"","qrcollectionclear":false},"afterfailed":{"moreinfo":"","eventfailed":false,"activate":"","hidden":"5","specialefx":"","execute":"","score":0,"qrcollectionclear":false}},{"id":6,"type":"quiz","name":"Quiz 5","description":"When was the Impressionist","score":100,"options":{"quiz":{"photo":"package/quizculturalheritage_eng/image/6.jpg","question":"When was the Impressionist pictorial current","answer":["1860","1754","1947","1599"],"casesensitive":false}},"aftercomplete":{"moreinfo":"","eventcompleted":false,"activate":"","hidden":"6","specialefx":"","execute":"","qrcollectionclear":false},"afterfailed":{"moreinfo":"","eventfailed":false,"activate":"","hidden":"6","specialefx":"","execute":"","score":0,"qrcollectionclear":false}},{"id":7,"type":"quiz","name":"Quiz 6","description":"In which year","score":100,"options":{"quiz":{"photo":"package/quizculturalheritage_eng/image/7.jpg","question":"In which year Gustav Klimt painted \"The kiss\"?","answer":["1906-1907","1888-1889","1920-1921","1703-1704"],"casesensitive":false}},"aftercomplete":{"moreinfo":"","eventcompleted":false,"activate":"","hidden":"7","specialefx":"","execute":"","qrcollectionclear":false},"afterfailed":{"moreinfo":"","eventfailed":false,"activate":"","hidden":"7","specialefx":"","execute":"","score":0,"qrcollectionclear":false}},{"id":8,"type":"quiz","name":"Quiz 7","description":"What's the name of the artistic","score":100,"options":{"quiz":{"photo":"package/quizculturalheritage_eng/image/8.jpg","question":"What's the name of the artistic current, whose maximum exponent di Andy Warhol?","answer":["Pop Art","Dadaism","Street Art","Futurism"],"casesensitive":false}},"aftercomplete":{"moreinfo":"","eventcompleted":false,"activate":"","hidden":"8","specialefx":"","execute":"","qrcollectionclear":false},"afterfailed":{"moreinfo":"","eventfailed":false,"activate":"","hidden":"8","specialefx":"","execute":"","score":0,"qrcollectionclear":false}},{"id":9,"type":"quiz","name":"Quiz 8","description":"Of what nationality was the famous female","score":100,"options":{"quiz":{"photo":"package/quizculturalheritage_eng/image/9.jpg","question":"Of what nationality was the famous female painter Frida Kahlo lived between 1907-1954?","answer":["Mexican","Spanish","Swedish","Brasilian"],"casesensitive":false}},"aftercomplete":{"moreinfo":"","eventcompleted":false,"activate":"","hidden":"9","specialefx":"","execute":"","qrcollectionclear":false},"afterfailed":{"moreinfo":"","eventfailed":false,"activate":"","hidden":"9","specialefx":"","execute":"","score":0,"qrcollectionclear":false}},{"id":10,"type":"quiz","name":"Quiz 9","description":"What type of degree","score":100,"options":{"quiz":{"photo":"package/quizculturalheritage_eng/image/10.jpg","question":"What type of degree does the great Renzo Piano ( who designed, among the others, the Centre Georges Pompidou in Paris, the New York Times palace and the Wind  Tunnel for the Ferrari House) have?","answer":["Architect","Engineer","Physician","Philosopher"],"casesensitive":false}},"aftercomplete":{"moreinfo":"","eventcompleted":false,"activate":"","hidden":"10","specialefx":"","execute":"","qrcollectionclear":false},"afterfailed":{"moreinfo":"","eventfailed":false,"activate":"","hidden":"10","specialefx":"","execute":"","score":0,"qrcollectionclear":false}},{"id":11,"type":"quiz","name":"Quiz 10","description":"What famous ...","score":100,"options":{"quiz":{"photo":"package/quizculturalheritage_eng/image/11.jpg","question":"What famous spanish painter painted \" Metamorphosis of Narcissus\"","answer":["Salvador Dalì","Pablo Picasso","Francisco Goya","Diego Velazquez"],"casesensitive":false}},"aftercomplete":{"moreinfo":"","eventcompleted":false,"activate":"","hidden":"11","specialefx":"","execute":"","qrcollectionclear":false},"afterfailed":{"moreinfo":"","eventfailed":false,"activate":"","hidden":"11","specialefx":"","execute":"","score":0,"qrcollectionclear":false}}]}}