{"data":{"id":0,"uuid":"4a44234a-7051-48ed-a614-bcffb38cd838","enabled":true,"debug":false,"icon":"https://www.xteamsoftware.com/pluggy/ioannina/image/","name":"A silversmith’s tale in the court of Ali Pasha","subtitle":"Welcome to the Silversmithing Museum of the Piraeus Bank Group’s Cultural Foundation, in Ioannina","description":"Welcome to the Silversmithing Museum of the Piraeus Bank Group’s Cultural Foundation, in Ioannina. Discover our exhibition through 11 questions that challenge your knowledge and keen eye. \nDuring the treasure hunt, questions will appear. Each of them can be answered with the help of a text or an object in the Museum. In order to answer, you must either scan a QR code or else type the QR code’s number or a keyword in the corresponding field.\nGood luck!\n","duration":0,"place":"","geocoord":{"latitude":"0","longitude":"0","range":"0"},"visible":true,"private":false,"trials":[{"id":1,"type":"info","name":"A silversmith’s tale in the court of Ali Pasha","description":"Welcome to the Silversmithing Museum of the Piraeus Bank Group’s Cultural Foundation, in Ioannina. Discover our exhibition through 11 questions that challenge your knowledge and keen eye. \n\nDuring the treasure hunt, questions will appear. Each of them can be answered with the help of a text or an object in the Museum. In order to answer, you must either scan a QR code or else type the QR code’s number or a keyword in the corresponding field.\nGood luck!\n","score":0,"options":{"url_photo":"https://www.xteamsoftware.com/pluggy/ioannina/image/1.jpg"},"activated":{"invisible":false,"onstart":true,"ontimer":0,"onscore":0,"onqrcode":""},"aftercomplete":{"moreinfo":"","eventcompleted":false,"activate":"","hidden":"1","specialefx":"","execute":"2","qrcollectionclear":false}},{"id":2,"type":"info","name":"You’re in Ioannina in the early 19th century","description":"You’re in Ioannina in the early 19th century. Soldiers came and fetched you from your workshop and are taking you to Ali Pasha’s Serai. What could the pasha want from an apprentice like you?\nWelcome, said the pasha in his deep voice. I have been told that you are a skilful craftsman, so I want to entrust a task to you. I’ll give you my róka. I want you to decorate it with silver, so that it is worthy of Ali Pasha. Use all your craftsmanship and I, for my part, I shall reward you. ","score":0,"options":{"url_photo":"https://www.xteamsoftware.com/pluggy/ioannina/image/2.jpg"},"aftercomplete":{"moreinfo":"","eventcompleted":false,"activate":"2","hidden":"","specialefx":"","execute":"3","qrcollectionclear":false}},{"id":3,"type":"quiz","name":"Quiz róka","description":"You, however, don’t know what a róka is. Look and find one among the objects on the museum’s second level","score":100,"options":{"quiz":{"question":"You, however, don't know what a róka is. Look and find one among the objects on the","answer":["A flintlock pistol","A","B","C"],"casesensitive":false}},"aftercomplete":{"moreinfo":"","eventcompleted":false,"activate":"","hidden":"3","specialefx":"","execute":"4","qrcollectionclear":false},"afterfailed":{"moreinfo":"","eventfailed":false,"activate":"","hidden":"3","specialefx":"","execute":"25","score":0,"qrcollectionclear":true}},{"id":25,"type":"quiz","name":"Quiz róka","description":"You, however, don’t know what a róka is. Look and find one among the objects on the museum’s second level","score":50,"options":{"quiz":{"question":"You, however, don't know what a róka is. Look and find one among the objects on the","answer":["A flintlock pistol","A","B","C"],"casesensitive":false}},"aftercomplete":{"moreinfo":"","eventcompleted":false,"activate":"","hidden":"3","specialefx":"","execute":"4","qrcollectionclear":false},"afterfailed":{"moreinfo":"","eventfailed":false,"activate":"","hidden":"25","specialefx":"","execute":"4","score":0,"qrcollectionclear":true}},{"id":4,"type":"info","name":"A flintlock pistol","description":"So that is what a róka is: a flintlock pistol! You’ll obviously need some silver and the wilypasha didn’t give you any. So where can you find silver?You have heard of a place somewhere where there are silver mines. What was it called?","score":0,"options":{"url_photo":"https://www.xteamsoftware.com/pluggy/ioannina/image/4.jpg"},"aftercomplete":{"moreinfo":"","eventcompleted":false,"activate":"6","hidden":"4","specialefx":"","execute":"","qrcollectionclear":false}},{"id":6,"type":"quizopen","name":"You have heard of a place","description":"You have heard of a place somewhere where there are silver mines.","score":100,"options":{"quiz":{"photo":"https://www.xteamsoftware.com/pluggy/ioannina/image/6.jpg","question":"Go to the first level and search for the region’s name on the map","answer":["Siderokapsa"],"casesensitive":false}},"aftercomplete":{"moreinfo":"","eventcompleted":false,"activate":"","hidden":"6","specialefx":"","execute":"7","qrcollectionclear":false},"afterfailed":{"moreinfo":"","eventfailed":false,"activate":"","hidden":"6","specialefx":"","execute":"26","score":0,"qrcollectionclear":true}},{"id":26,"type":"quizopen","name":"You have heard of a place Clone","description":"You have heard of a place somewhere where there are silver mines.","score":50,"options":{"quiz":{"photo":"https://www.xteamsoftware.com/pluggy/ioannina/image/6.jpg","question":"Go to the first level and search for the region’s name on the map","answer":["Siderokapsa"],"casesensitive":false}},"aftercomplete":{"moreinfo":"","eventcompleted":false,"activate":"","hidden":"26","specialefx":"","execute":"7","qrcollectionclear":false},"afterfailed":{"moreinfo":"","eventfailed":false,"activate":"","hidden":"26","specialefx":"","execute":"7","score":0,"qrcollectionclear":true}},{"id":7,"type":"info","name":"Info Siderokapsa","description":"Siderokapsa is in Halkidikí. It would take you days to get there and just as many to get back again. The pasha is in a hurry. You need silver from somewhere close by. Even from some old piece of silverware.Who could help you?","score":0,"options":{"url_photo":"https://www.xteamsoftware.com/pluggy/ioannina/image/7.jpg"},"aftercomplete":{"moreinfo":"","eventcompleted":false,"activate":"","hidden":"7","specialefx":"","execute":"8","qrcollectionclear":false}},{"id":8,"type":"qrcode","name":"QRCode of a process that is carried out in a pit.","description":"Scan the QR code of the corresponding panel, where you can see photographs of a process that is carried out in a pit.","score":100,"options":{"word":"5"},"aftercomplete":{"moreinfo":"","eventcompleted":false,"activate":"","hidden":"8","specialefx":"","execute":"9","qrcollectionclear":false},"afterfailed":{"moreinfo":"","eventfailed":false,"activate":"","hidden":"8","specialefx":"","execute":"27","score":0,"qrcollectionclear":true}},{"id":27,"type":"qrcode","name":"QRCode of a process that is carried out in a pit.","description":"Scan the QR code of the corresponding panel, where you can see photographs of a process that is carried out in a pit.","score":50,"options":{"word":"5"},"aftercomplete":{"moreinfo":"","eventcompleted":false,"activate":"","hidden":"27","specialefx":"","execute":"9","qrcollectionclear":false},"afterfailed":{"moreinfo":"","eventfailed":false,"activate":"","hidden":"27","specialefx":"","execute":"9","score":0,"qrcollectionclear":true}},{"id":9,"type":"info","name":"Info pit","description":"The elderly refiner has prepared his pit. He has logs, and ground tile but he also needs another material for the refining process.","score":0,"options":{"url_photo":"https://www.xteamsoftware.com/pluggy/ioannina/image/9.jpg"},"aftercomplete":{"moreinfo":"","eventcompleted":false,"activate":"","hidden":"9","specialefx":"","execute":"10","qrcollectionclear":false}},{"id":10,"type":"quizopen","name":"The elderly refiner has prepared his pit","description":"The elderly refiner has prepared his pit. He has logs, and ground tile - but he also needs another material for the refining process. What does he need?","score":100,"options":{"quiz":{"photo":"https://www.xteamsoftware.com/pluggy/ioannina/image/10.jpg","question":"He has logs, and ground tile, but he also needs","answer":["Lead"],"casesensitive":false}},"aftercomplete":{"moreinfo":"","eventcompleted":false,"activate":"","hidden":"10","specialefx":"","execute":"11","qrcollectionclear":false},"afterfailed":{"moreinfo":"","eventfailed":false,"activate":"","hidden":"10","specialefx":"","execute":"28","score":0,"qrcollectionclear":true}},{"id":28,"type":"quizopen","name":"The elderly refiner has prepared his pit Clone","description":"The elderly refiner has prepared his pit. He has logs, and ground tile - but he also needs another material for the refining process. What does he need?","score":50,"options":{"quiz":{"photo":"https://www.xteamsoftware.com/pluggy/ioannina/image/10.jpg","question":"He has logs, and ground tile, but he also needs","answer":["Lead"],"casesensitive":false}},"aftercomplete":{"moreinfo":"","eventcompleted":false,"activate":"","hidden":"28","specialefx":"","execute":"11","qrcollectionclear":false},"afterfailed":{"moreinfo":"","eventfailed":false,"activate":"","hidden":"28","specialefx":"","execute":"11","score":0,"qrcollectionclear":true}},{"id":11,"type":"info","name":"Info Lead","description":"The fire burns and melts the old, used silver spoons and forks that you gave the refiner. When the cupellation is completed, he gives you a silver ingot. But you need a very fine sheet of silver in order to be able to decorate the róka.","score":0,"options":{"url_photo":"https://www.xteamsoftware.com/pluggy/ioannina/image/11.jpg"},"aftercomplete":{"moreinfo":"","eventcompleted":false,"activate":"","hidden":"11","specialefx":"","execute":"12","qrcollectionclear":false}},{"id":12,"type":"qrcode","name":"Decorate the róka","description":"But you need a very fine sheet of silver in order to be able to decorate the róka. How will you do this?","score":100,"options":{"word":"9"},"aftercomplete":{"moreinfo":"","eventcompleted":false,"activate":"","hidden":"12","specialefx":"","execute":"13","qrcollectionclear":false},"afterfailed":{"moreinfo":"","eventfailed":false,"activate":"","hidden":"12","specialefx":"","execute":"29","score":0,"qrcollectionclear":true}},{"id":29,"type":"qrcode","name":"Decorate the róka","description":"But you need a very fine sheet of silver in order to be able to decorate the róka. How will you do this?","score":50,"options":{"word":"9"},"aftercomplete":{"moreinfo":"","eventcompleted":false,"activate":"","hidden":"29","specialefx":"","execute":"13","qrcollectionclear":false},"afterfailed":{"moreinfo":"","eventfailed":false,"activate":"","hidden":"29","specialefx":"","execute":"13","score":0,"qrcollectionclear":true}},{"id":13,"type":"info","name":"Info oblong steel tools","description":"You now need to chase the sheet of silver and create all those beautiful patterns that will ornament the pasha’s pistol. You need your hammers and those small oblong steel tools used to make outlines and hollows with.","score":0,"options":{"url_photo":"https://www.xteamsoftware.com/pluggy/ioannina/image/13.jpg"},"aftercomplete":{"moreinfo":"","eventcompleted":false,"activate":"","hidden":"13","specialefx":"","execute":"14","qrcollectionclear":false}},{"id":14,"type":"quizopen","name":"Small oblong steel tools","description":"You need your hammers and those small oblong steel tools used to make outlines and hollows with. What are they called?","score":100,"options":{"quiz":{"question":"You need your hammers and those small oblong steel tools","answer":["Spitsounia"],"casesensitive":false}},"aftercomplete":{"moreinfo":"","eventcompleted":false,"activate":"","hidden":"14","specialefx":"","execute":"15","qrcollectionclear":false},"afterfailed":{"moreinfo":"","eventfailed":false,"activate":"","hidden":"14","specialefx":"","execute":"30","score":0,"qrcollectionclear":true}},{"id":30,"type":"quizopen","name":"Small oblong steel tools","description":"You need your hammers and those small oblong steel tools used to make outlines and hollows with. What are they called?","score":50,"options":{"quiz":{"question":"You need your hammers and those small oblong steel tools","answer":["Spitsounia"],"casesensitive":false}},"aftercomplete":{"moreinfo":"","eventcompleted":false,"activate":"","hidden":"30","specialefx":"","execute":"15","qrcollectionclear":false},"afterfailed":{"moreinfo":"","eventfailed":false,"activate":"","hidden":"30","specialefx":"","execute":"15","score":0,"qrcollectionclear":true}},{"id":15,"type":"info","name":"Info spitsounia","description":"Using the spitsounia, you chased the sheet of silver. The pistol’s decoration is becoming really nice, but the pasha is a difficult, demanding customer. You must do something more, so that it becomes even more beautiful.","score":0,"options":{"url_photo":"https://www.xteamsoftware.com/pluggy/ioannina/image/15.jpg"},"aftercomplete":{"moreinfo":"","eventcompleted":false,"activate":"","hidden":"15","specialefx":"","execute":"16","qrcollectionclear":false}},{"id":16,"type":"qrcode","name":"You need to decorate it with that black stuff","description":"You need to decorate it with that black stuff!Scan the corresponding QR, on the museum’s first level","score":100,"options":{"word":"32"},"aftercomplete":{"moreinfo":"","eventcompleted":false,"activate":"","hidden":"16","specialefx":"","execute":"17","qrcollectionclear":false},"afterfailed":{"moreinfo":"","eventfailed":false,"activate":"","hidden":"16","specialefx":"","execute":"31","score":0,"qrcollectionclear":true}},{"id":31,"type":"qrcode","name":"You need to decorate it with that black stuff","description":"You need to decorate it with that black stuff!Scan the corresponding QR, on the museum’s first level","score":50,"options":{"word":"32"},"aftercomplete":{"moreinfo":"","eventcompleted":false,"activate":"","hidden":"31","specialefx":"","execute":"17","qrcollectionclear":false},"afterfailed":{"moreinfo":"","eventfailed":false,"activate":"","hidden":"31","specialefx":"","execute":"17","score":0,"qrcollectionclear":true}},{"id":17,"type":"quizopen","name":"The basic ingredients for making saváti","description":"The basic ingredients for making saváti are silver, copper, lead and one more material. What is it?","score":100,"options":{"quiz":{"question":"The basic ingredients for making saváti are silver, copper, lead and one more material. What is it?","answer":["Sulphur"],"casesensitive":false}},"aftercomplete":{"moreinfo":"","eventcompleted":false,"activate":"","hidden":"17","specialefx":"","execute":"24","qrcollectionclear":false},"afterfailed":{"moreinfo":"","eventfailed":false,"activate":"","hidden":"17","specialefx":"","execute":"32","score":0,"qrcollectionclear":true}},{"id":32,"type":"quizopen","name":"The basic ingredients for making saváti","description":"The basic ingredients for making saváti are silver, copper, lead and one more material. What is it?","score":50,"options":{"quiz":{"question":"The basic ingredients for making saváti are silver, copper, lead and one more material. What is it?","answer":["Sulphur"],"casesensitive":false}},"aftercomplete":{"moreinfo":"","eventcompleted":false,"activate":"","hidden":"32","specialefx":"","execute":"24","qrcollectionclear":false},"afterfailed":{"moreinfo":"","eventfailed":false,"activate":"","hidden":"32","specialefx":"","execute":"24","score":0,"qrcollectionclear":true}},{"id":24,"type":"info","name":"The róka is now ready.","description":"The róka is now ready. It’s decorated using all your craftsmanship. It is a beautiful firearm, most suitable for the pasha to wear in his belt, in his cummerbund. Proud of your work, you go to Ali Pasha to deliver it into his hands.Scan the corresponding QR on the panel on the museum’s second level featuring the figure of Ali Pasha","score":0,"options":{"url_photo":"https://www.xteamsoftware.com/pluggy/ioannina/image/24.jpg"},"aftercomplete":{"moreinfo":"","eventcompleted":false,"activate":"","hidden":"24","specialefx":"","execute":"18","qrcollectionclear":false}},{"id":18,"type":"qrcode","name":"The róka is now ready.","description":"The róka is now ready. It’s decorated using all your craftsmanship. It is a beautiful firearm, most suitable for the pasha to wear in his belt, in his cummerbund. Proud of your work, you go to Ali Pasha to deliver it into his hands.Scan the corresponding QR on the panel on the museum’s second level featuring the figure of Ali Pasha","score":100,"options":{"word":"76"},"aftercomplete":{"moreinfo":"","eventcompleted":false,"activate":"","hidden":"18","specialefx":"","execute":"19","qrcollectionclear":false},"afterfailed":{"moreinfo":"","eventfailed":false,"activate":"","hidden":"18","specialefx":"","execute":"33","score":0,"qrcollectionclear":true}},{"id":33,"type":"qrcode","name":"The róka is now ready.","description":"The róka is now ready. It’s decorated using all your craftsmanship. It is a beautiful firearm, most suitable for the pasha to wear in his belt, in his cummerbund. Proud of your work, you go to Ali Pasha to deliver it into his hands.Scan the corresponding QR on the panel on the museum’s second level featuring the figure of Ali Pasha","score":50,"options":{"word":"76"},"aftercomplete":{"moreinfo":"","eventcompleted":false,"activate":"","hidden":"33","specialefx":"","execute":"19","qrcollectionclear":false},"afterfailed":{"moreinfo":"","eventfailed":false,"activate":"","hidden":"33","specialefx":"","execute":"19","score":0,"qrcollectionclear":true}},{"id":19,"type":"info","name":"The pasha takes the róka in his hands","description":"The pasha takes the róka in his hands. From the glint in his eyes you  understand that he likes it a lot. Bravo lad, aferim (well done)! He gives you a pouch full of piasters and, smiling at you, says: look around you and find an object that is also made of silver. You deserve it.So that you can use it to write with and be what your people, here in Yiannena, like to say: a leader in arms, in piasters and in letters!","score":0,"options":{"url_photo":"https://www.xteamsoftware.com/pluggy/ioannina/image/19.jpg"},"aftercomplete":{"moreinfo":"","eventcompleted":false,"activate":"","hidden":"19","specialefx":"","execute":"20","qrcollectionclear":false}},{"id":20,"type":"qrcode","name":"What object is the pasha referring to?","description":"What object is the pasha referring to? Search among the objects on the second level to find it. (Scan the corresponding QR.)","score":100,"options":{"word":"60"},"aftercomplete":{"moreinfo":"","eventcompleted":false,"activate":"","hidden":"20","specialefx":"","execute":"21","qrcollectionclear":false},"afterfailed":{"moreinfo":"","eventfailed":false,"activate":"","hidden":"20","specialefx":"","execute":"34","score":0,"qrcollectionclear":true}},{"id":34,"type":"qrcode","name":"What object is the pasha referring to?","description":"What object is the pasha referring to? Search among the objects on the second level to find it. (Scan the corresponding QR.)","score":50,"options":{"word":"60"},"aftercomplete":{"moreinfo":"","eventcompleted":false,"activate":"","hidden":"34","specialefx":"","execute":"21","qrcollectionclear":false},"afterfailed":{"moreinfo":"","eventfailed":false,"activate":"","hidden":"34","specialefx":"","execute":"21","score":0,"qrcollectionclear":true}},{"id":21,"type":"info","name":"The kalamári","description":"The kalamári, a small pot holding ink attached to a case where they placed pens made of kalámi (the Greek name for bamboo).","score":0,"options":{"url_photo":"https://www.xteamsoftware.com/pluggy/ioannina/image/21.jpg"},"aftercomplete":{"moreinfo":"","eventcompleted":false,"activate":"","hidden":"21","specialefx":"","execute":"22","qrcollectionclear":false}},{"id":22,"type":"photo","name":"Take a picture of the kalamári","description":"Take a picture of the kalamári to keep it as a treasured memory and share it with you friends on Facebook or Instagram.","score":100,"options":{"share":true,"share_facebook":false,"share_twitter":false,"share_instagram":false,"share_optional":false,"share_score":0},"aftercomplete":{"moreinfo":"","eventcompleted":false,"activate":"","hidden":"22","specialefx":"","execute":"23","qrcollectionclear":false}},{"id":23,"type":"info","name":"Last Trial","description":"Holding the pasha’s piasters in one hand and the kalamári in the other you wend your way back to your workshop, happy that you created such a beautiful object.Years later, you’ll learn that Ali Pasha presented the Englishman Edward John Trelawny, a friend of Lord Byron’s, with your róka as a gift!For you, your pride in your work and your love for your craft will be a treasure hidden in the depths of your heart!","score":0,"options":{"url_photo":"https://www.xteamsoftware.com/pluggy/ioannina/image/23.jpg"},"aftercomplete":{"moreinfo":"","eventcompleted":false,"activate":"","hidden":"23","specialefx":"","execute":"35","qrcollectionclear":false}},{"id":35,"type":"info","name":"Congratulations! ","description":"Congratulations! You have completed the game of the Silversmithing Museum!\n\nScenario: Digital Innovations, Nikólaos Páchtas & Associates OE\nPhotographs: Piraeus Bank Group Cultural Foundation, V. Karavassíloglou\n","score":0,"options":{},"aftercomplete":{"moreinfo":"","eventcompleted":true,"activate":"","hidden":"35","specialefx":"","execute":"","qrcollectionclear":false}}],"complete":{"info":"Congratulations! You have completed the treasure hunt!","link":"","photo":"","sound":"0","score":0}}}